step,v_delta,desired_v,current_v,omega_delta,desired_omega,current_omega
800,0.14596974849700928,1.4313122034072876,1.2849931716918945,1.7821801520767622e-05,0.0,-1.7821801520767622e-05
1600,0.19069457054138184,1.6075695753097534,1.4173129796981812,1.3982847121951636e-05,0.0,-1.3982847121951636e-05
2400,0.13130222260951996,1.3894166946411133,1.2576836347579956,1.9236118532717228e-05,0.0,-1.9236118532717228e-05
3200,0.15601719915866852,1.5027114152908325,1.3465698957443237,1.51217691382044e-05,0.0,-1.51217691382044e-05
4000,0.15793432295322418,1.524019479751587,1.3664799928665161,1.5103126315807458e-05,0.0,-1.5103126315807458e-05
4800,0.14754638075828552,1.4396886825561523,1.2920180559158325,1.6155630873981863e-05,0.0,-1.6155630873981863e-05
5600,0.19403809309005737,1.6233285665512085,1.4287029504776,1.3494274753611535e-05,0.0,-1.3494274753611535e-05
6400,0.17821849882602692,1.556982398033142,1.3794019222259521,1.3651030712935608e-05,0.0,-1.3651030712935608e-05
7200,0.16771738231182098,1.5425574779510498,1.3740975856781006,1.4301422197604552e-05,0.0,-1.4301422197604552e-05
8000,0.25604116916656494,1.801282286643982,1.5451139211654663,1.2731074093608186e-05,0.0,-1.2731074093608186e-05
8800,0.1922132819890976,1.5978853702545166,1.4064902067184448,1.6429579773102887e-05,0.0,-1.6429579773102887e-05
9600,0.1437205821275711,1.4418421983718872,1.2977601289749146,1.442558550479589e-05,0.0,-1.442558550479589e-05
10400,0.13366422057151794,1.3645353317260742,1.230418086051941,1.8479537175153382e-05,0.0,-1.8479537175153382e-05
11200,0.16929352283477783,1.4764647483825684,1.3073080778121948,1.7022963220370002e-05,0.0,-1.7022963220370002e-05
12000,0.15397892892360687,1.4201761484146118,1.2667425870895386,2.294436671945732e-05,0.0,-2.294436671945732e-05
12800,0.19915026426315308,1.646425485610962,1.4472017288208008,1.5300989616662264e-05,0.0,-1.5300989616662264e-05
13600,0.19048453867435455,1.6007081270217896,1.4099162817001343,1.4721609659318347e-05,0.0,-1.4721609659318347e-05
14400,0.12627017498016357,1.330857515335083,1.2048866748809814,1.8804908904712647e-05,0.0,-1.8804908904712647e-05
15200,0.11444586515426636,1.334728479385376,1.2206451892852783,2.1992911570123397e-05,0.0,-2.1992911570123397e-05
16000,0.16477686166763306,1.470371961593628,1.3050296306610107,1.74566957866773e-05,0.0,-1.74566957866773e-05
16800,0.19823536276817322,1.5784977674484253,1.3802282810211182,1.5826595699763857e-05,0.0,-1.5826595699763857e-05
17600,0.18307897448539734,1.573731541633606,1.391188144683838,1.3683132237929385e-05,0.0,-1.3683132237929385e-05
18400,0.19252756237983704,1.6306012868881226,1.4375202655792236,1.2607797543751076e-05,0.0,-1.2607797543751076e-05
19200,0.19125011563301086,1.62099027633667,1.4301483631134033,1.632554631214589e-05,0.0,-1.632554631214589e-05
20000,0.11760320514440536,1.3673326969146729,1.250058650970459,1.5418003386002965e-05,0.0,-1.5418003386002965e-05
20800,0.11315686255693436,1.3201584815979004,1.206286907196045,1.6813470210763626e-05,0.0,-1.6813470210763626e-05
21600,0.12153714895248413,1.3682724237442017,1.2468024492263794,1.7842441593529657e-05,0.0,-1.7842441593529657e-05
22400,0.16739210486412048,1.4901853799819946,1.323122501373291,1.603559394425247e-05,0.0,-1.603559394425247e-05
23200,0.12026818841695786,1.3461705446243286,1.2258614301681519,1.8954271581606008e-05,0.0,-1.8954271581606008e-05
24000,0.14482125639915466,1.4269232749938965,1.2823073863983154,1.3811388271278702e-05,0.0,-1.3811388271278702e-05
24800,0.14660868048667908,1.4673008918762207,1.320406198501587,1.4202186321199406e-05,0.0,-1.4202186321199406e-05
25600,0.13526439666748047,1.4321233034133911,1.2969223260879517,1.639890433580149e-05,0.0,-1.639890433580149e-05
26400,0.19544710218906403,1.6008126735687256,1.4052553176879883,1.4218795513443183e-05,0.0,-1.4218795513443183e-05
27200,0.15524545311927795,1.5136206150054932,1.3578119277954102,1.430254451406654e-05,0.0,-1.430254451406654e-05
28000,0.19139786064624786,1.617491602897644,1.4260382652282715,1.2958345905644819e-05,0.0,-1.2958345905644819e-05
28800,0.15422526001930237,1.4804251194000244,1.3271071910858154,1.4176674085319974e-05,0.0,-1.4176674085319974e-05
29600,0.156871497631073,1.4642672538757324,1.3070963621139526,1.728550523694139e-05,0.0,-1.728550523694139e-05
30400,0.17068849503993988,1.5493141412734985,1.37834632396698,1.34906658786349e-05,0.0,-1.34906658786349e-05
31200,0.18365493416786194,1.5911275148391724,1.4074052572250366,1.5202940630842932e-05,0.0,-1.5202940630842932e-05
32000,0.15511083602905273,1.4522144794464111,1.2969143390655518,1.5151013940339908e-05,0.0,-1.5151013940339908e-05
32800,0.17027267813682556,1.5115684270858765,1.3412563800811768,1.861006603576243e-05,0.0,-1.861006603576243e-05
33600,0.20536792278289795,1.6162899732589722,1.4115493297576904,1.561952922202181e-05,0.0,-1.561952922202181e-05
34400,0.17547081410884857,1.5465104579925537,1.3708531856536865,1.5011862160463352e-05,0.0,-1.5011862160463352e-05
35200,0.1815236359834671,1.5413864850997925,1.3601429462432861,1.6764874089858495e-05,0.0,-1.6764874089858495e-05
36000,0.1723412126302719,1.550208330154419,1.377376675605774,1.3694715562451165e-05,0.0,-1.3694715562451165e-05
36800,0.1440940499305725,1.4261956214904785,1.2824623584747314,1.682742549746763e-05,0.0,-1.682742549746763e-05
37600,0.1621096432209015,1.4624887704849243,1.2998969554901123,1.6187215805985034e-05,0.0,-1.6187215805985034e-05
38400,0.17554977536201477,1.5584423542022705,1.3836688995361328,1.379152945446549e-05,0.0,-1.379152945446549e-05
39200,0.17775201797485352,1.540198802947998,1.361843228340149,1.5830935808480717e-05,0.0,-1.5830935808480717e-05
40000,0.2132001668214798,1.6365834474563599,1.4230806827545166,1.4591607396141626e-05,0.0,-1.4591607396141626e-05
40800,0.2524147629737854,1.7744215726852417,1.5223774909973145,1.4738127902091946e-05,0.0,-1.4738127902091946e-05
41600,0.1303403675556183,1.422484040260315,1.2925339937210083,1.5248289855662733e-05,0.0,-1.5248289855662733e-05
42400,0.14951586723327637,1.4397623538970947,1.2903704643249512,1.669604353082832e-05,0.0,-1.669604353082832e-05
43200,0.20262326300144196,1.6495357751846313,1.4468144178390503,1.528863504063338e-05,0.0,-1.528863504063338e-05
44000,0.14416155219078064,1.4147993326187134,1.269952654838562,1.2165172847744543e-05,0.0,-1.2165172847744543e-05
44800,0.1726260632276535,1.5295701026916504,1.357243537902832,1.5838628314668313e-05,0.0,-1.5838628314668313e-05
45600,0.14590516686439514,1.4699040651321411,1.3245062828063965,1.5159108443185687e-05,0.0,-1.5159108443185687e-05
46400,0.17347444593906403,1.5159354209899902,1.341705083847046,1.630088263482321e-05,0.0,-1.630088263482321e-05
47200,0.16029594838619232,1.4799447059631348,1.319484829902649,1.8824232029146515e-05,0.0,-1.8824232029146515e-05
48000,0.1314263492822647,1.3926188945770264,1.2616528272628784,2.0083160052308813e-05,0.0,-2.0083160052308813e-05
48800,0.15073880553245544,1.4882673025131226,1.337933897972107,1.567240360600408e-05,0.0,-1.567240360600408e-05
49600,0.1515219807624817,1.4679770469665527,1.316481590270996,1.6562018572585657e-05,0.0,-1.6562018572585657e-05
50400,0.1301650106906891,1.3819690942764282,1.2512798309326172,1.5387367966468446e-05,0.0,-1.5387367966468446e-05
51200,0.18673881888389587,1.5602126121520996,1.3737294673919678,1.4808950254519004e-05,0.0,-1.4808950254519004e-05
52000,0.11491169035434723,1.3653684854507446,1.25015389919281,1.7024007320287637e-05,0.0,-1.7024007320287637e-05
52800,0.20368950068950653,1.636946439743042,1.4334934949874878,1.4552515494870022e-05,0.0,-1.4552515494870022e-05
53600,0.21918292343616486,1.6637417078018188,1.4443262815475464,1.6837197108543478e-05,0.0,-1.6837197108543478e-05
54400,0.15669406950473785,1.5261608362197876,1.3699959516525269,1.3889568435843103e-05,0.0,-1.3889568435843103e-05
55200,0.2031574845314026,1.6325899362564087,1.4293824434280396,1.5253765923262108e-05,0.0,-1.5253765923262108e-05
56000,0.11565149575471878,1.3825923204421997,1.2668019533157349,1.681311368884053e-05,0.0,-1.681311368884053e-05
56800,0.12103109061717987,1.3652397394180298,1.2446157932281494,1.9522631191648543e-05,0.0,-1.9522631191648543e-05
57600,0.21640485525131226,1.6632099151611328,1.4462273120880127,1.6159185179276392e-05,0.0,-1.6159185179276392e-05
58400,0.1813061237335205,1.515824794769287,1.3350664377212524,2.048956957878545e-05,0.0,-2.048956957878545e-05
59200,0.19184160232543945,1.6150814294815063,1.4227361679077148,1.5787398297106847e-05,0.0,-1.5787398297106847e-05
60000,0.1954353302717209,1.615480661392212,1.4200395345687866,1.5923158571240492e-05,0.0,-1.5923158571240492e-05
60800,0.12775026261806488,1.4207009077072144,1.2935471534729004,1.6249037798843347e-05,0.0,-1.6249037798843347e-05
61600,0.1326708197593689,1.3855986595153809,1.2530019283294678,1.9224891730118543e-05,0.0,-1.9224891730118543e-05
62400,0.12701822817325592,1.3736083507537842,1.245706558227539,1.4313542124000378e-05,0.0,-1.4313542124000378e-05
63200,0.16077382862567902,1.4891985654830933,1.3292081356048584,1.7020254745148122e-05,0.0,-1.7020254745148122e-05
64000,0.18075045943260193,1.5430793762207031,1.3620779514312744,1.5579804312437773e-05,0.0,-1.5579804312437773e-05
64800,0.17470766603946686,1.5475099086761475,1.3722460269927979,1.51256172102876e-05,0.0,-1.51256172102876e-05
65600,0.18335101008415222,1.553543210029602,1.3703522682189941,3.700642082549166e-06,0.0,-3.700642082549166e-06
66400,0.19016636908054352,1.6076377630233765,1.4179085493087769,1.4751198250451125e-05,0.0,-1.4751198250451125e-05
67200,0.16839323937892914,1.534343957901001,1.365209937095642,1.6591231542406604e-05,0.0,-1.6591231542406604e-05
68000,0.17667290568351746,1.4937326908111572,1.3179347515106201,2.057508572761435e-05,0.0,-2.057508572761435e-05
68800,0.17358818650245667,1.5505582094192505,1.3761097192764282,1.4504661521641538e-05,0.0,-1.4504661521641538e-05
69600,0.16325557231903076,1.5053699016571045,1.3428280353546143,1.548974250908941e-05,0.0,-1.548974250908941e-05
70400,0.13799646496772766,1.4844218492507935,1.3465667963027954,1.4427043424802832e-05,0.0,-1.4427043424802832e-05
71200,0.16138845682144165,1.481173038482666,1.3188021183013916,1.5830692063900642e-05,0.0,-1.5830692063900642e-05
72000,0.15916045010089874,1.4579253196716309,1.2994855642318726,2.2102007278590463e-05,0.0,-2.2102007278590463e-05
72800,0.14117468893527985,1.4582321643829346,1.317326307296753,1.443546079826774e-05,0.0,-1.443546079826774e-05
73600,0.17574766278266907,1.5460379123687744,1.370180368423462,1.692862861091271e-05,0.0,-1.692862861091271e-05
74400,0.09573771804571152,1.267154574394226,1.1716376543045044,1.8151436961488798e-05,0.0,-1.8151436961488798e-05
75200,0.12618891894817352,1.3970346450805664,1.270912766456604,1.725155561871361e-05,0.0,-1.725155561871361e-05
76000,0.20834368467330933,1.602319359779358,1.3937708139419556,1.7667745851213112e-05,0.0,-1.7667745851213112e-05
76800,0.13719548285007477,1.453747272491455,1.3161240816116333,1.6617184883216396e-05,0.0,-1.6617184883216396e-05
77600,0.16993913054466248,1.51522696018219,1.3455945253372192,1.658169276197441e-05,0.0,-1.658169276197441e-05
78400,0.16883742809295654,1.5172094106674194,1.3484148979187012,1.7109419786720537e-05,0.0,-1.7109419786720537e-05
79200,0.17186610400676727,1.546682596206665,1.3745650053024292,1.436005095456494e-05,0.0,-1.436005095456494e-05
80000,0.08753321319818497,1.2555863857269287,1.1681536436080933,1.9372157112229615e-05,0.0,-1.9372157112229615e-05
80800,0.12264740467071533,1.4289687871932983,1.3058209419250488,1.5934219845803455e-05,0.0,-1.5934219845803455e-05
81600,0.10757375508546829,1.352764368057251,1.2453525066375732,1.8816854208125733e-05,0.0,-1.8816854208125733e-05
82400,0.15372902154922485,1.4908795356750488,1.336724877357483,1.4992941032687668e-05,0.0,-1.4992941032687668e-05
83200,0.1925806850194931,1.635332703590393,1.44329035282135,1.2987110494577792e-05,0.0,-1.2987110494577792e-05
84000,0.1292087882757187,1.429063081741333,1.299821376800537,1.652740866120439e-05,0.0,-1.652740866120439e-05
84800,0.19227759540081024,1.6292054653167725,1.4366123676300049,1.4813625966780819e-05,0.0,-1.4813625966780819e-05
85600,0.17969436943531036,1.5492076873779297,1.3698711395263672,1.5371100744232535e-05,0.0,-1.5371100744232535e-05
86400,0.20875319838523865,1.647484302520752,1.438916563987732,1.4936191291781142e-05,0.0,-1.4936191291781142e-05
87200,0.11937142163515091,1.4137605428695679,1.2939990758895874,1.6122616216307506e-05,0.0,-1.6122616216307506e-05
88000,0.26905831694602966,1.7989671230316162,1.5295932292938232,1.4659121916338336e-05,0.0,-1.4659121916338336e-05
88800,0.07634571939706802,1.2639378309249878,1.1882518529891968,1.8130736862076446e-05,0.0,-1.8130736862076446e-05
89600,0.21158231794834137,1.6551003456115723,1.443442702293396,1.5292565876734443e-05,0.0,-1.5292565876734443e-05
90400,0.23123766481876373,1.711936354637146,1.4804414510726929,1.5836920283618383e-05,0.0,-1.5836920283618383e-05
91200,0.17810526490211487,1.5699673891067505,1.3920687437057495,1.7931261027115397e-05,0.0,-1.7931261027115397e-05
92000,0.1764664649963379,1.532149314880371,1.3555822372436523,1.81162467924878e-05,0.0,-1.81162467924878e-05
92800,0.1610463559627533,1.4925882816314697,1.3322219848632812,1.550242268422153e-05,0.0,-1.550242268422153e-05
93600,0.10662105679512024,1.3268364667892456,1.219566822052002,1.728666939015966e-05,0.0,-1.728666939015966e-05
94400,0.14255353808403015,1.4330719709396362,1.2910473346710205,1.1222856301174033e-05,0.0,-1.1222856301174033e-05
95200,0.15695351362228394,1.5023795366287231,1.3451752662658691,1.67018824868137e-05,0.0,-1.67018824868137e-05
96000,0.13149847090244293,1.4302639961242676,1.2988269329071045,1.5675836039008573e-05,0.0,-1.5675836039008573e-05
96800,0.2300543338060379,1.6873810291290283,1.457384705543518,1.3220025721238926e-05,0.0,-1.3220025721238926e-05
97600,0.15760666131973267,1.5136144161224365,1.3552446365356445,1.448658986191731e-05,0.0,-1.448658986191731e-05
98400,0.19060306251049042,1.5713080167770386,1.3808220624923706,1.3934406524640508e-05,0.0,-1.3934406524640508e-05
99200,0.18263038992881775,1.5559470653533936,1.3732486963272095,1.6058358596637845e-05,0.0,-1.6058358596637845e-05
100000,0.1659616082906723,1.5237374305725098,1.3585091829299927,1.5828578398213722e-05,0.0,-1.5828578398213722e-05
100800,0.11475618183612823,1.3903406858444214,1.2757701873779297,1.5460089343832806e-05,0.0,-1.5460089343832806e-05
101600,0.19142335653305054,1.5475640296936035,1.3554701805114746,1.770603375916835e-05,0.0,-1.770603375916835e-05
102400,0.18521881103515625,1.5660426616668701,1.3808282613754272,1.456987956771627e-05,0.0,-1.456987956771627e-05
103200,0.19844160974025726,1.6357381343841553,1.4375883340835571,1.502628674643347e-05,0.0,-1.502628674643347e-05
104000,0.14133089780807495,1.4785438776016235,1.3375102281570435,1.6215395589824766e-05,0.0,-1.6215395589824766e-05
104800,0.14724762737751007,1.463404655456543,1.3163201808929443,1.7302425476373173e-05,0.0,-1.7302425476373173e-05
105600,0.19879113137722015,1.6168140172958374,1.4168325662612915,1.431758028047625e-05,0.0,-1.431758028047625e-05
106400,0.17195090651512146,1.518419861793518,1.3468319177627563,1.4639996152254753e-05,0.0,-1.4639996152254753e-05
107200,0.22486580908298492,1.6726957559585571,1.447497844696045,1.2517305549408775e-05,0.0,-1.2517305549408775e-05
108000,0.1682538241147995,1.559541940689087,1.3920598030090332,1.4758580618945416e-05,0.0,-1.4758580618945416e-05
108800,0.2143276333808899,1.6798477172851562,1.4657766819000244,1.3764837603957858e-05,0.0,-1.3764837603957858e-05
109600,0.09384377300739288,1.3152364492416382,1.2207006216049194,1.9126624465570785e-05,0.0,-1.9126624465570785e-05
110400,0.15126538276672363,1.53165864944458,1.3807497024536133,1.3537371160055045e-05,0.0,-1.3537371160055045e-05
111200,0.14780496060848236,1.4624665975570679,1.3147763013839722,1.7184900571010076e-05,0.0,-1.7184900571010076e-05
112000,0.15863120555877686,1.5402275323867798,1.3813143968582153,1.3667203347722534e-05,0.0,-1.3667203347722534e-05
112800,0.1971798539161682,1.5940508842468262,1.3974982500076294,1.8074731997330673e-05,0.0,-1.8074731997330673e-05
113600,0.12066712975502014,1.385170817375183,1.2642114162445068,1.566258470120374e-05,0.0,-1.566258470120374e-05
114400,0.10712361335754395,1.3752421140670776,1.2679115533828735,1.5038986020954326e-05,0.0,-1.5038986020954326e-05
115200,0.1172512099146843,1.4117121696472168,1.294333815574646,1.601950680196751e-05,0.0,-1.601950680196751e-05
116000,0.14439047873020172,1.4633086919784546,1.3185327053070068,1.531794259790331e-05,0.0,-1.531794259790331e-05
116800,0.20942112803459167,1.6303436756134033,1.4207556247711182,1.5693463865318336e-05,0.0,-1.5693463865318336e-05
117600,0.15907876193523407,1.534827470779419,1.3765374422073364,1.4615370673709549e-05,0.0,-1.4615370673709549e-05
118400,0.1290106475353241,1.426753282546997,1.297593593597412,1.5085725863173138e-05,0.0,-1.5085725863173138e-05
119200,0.11353934556245804,1.3648462295532227,1.2517756223678589,1.6326410332112573e-05,0.0,-1.6326410332112573e-05
120000,0.11711385101079941,1.387130618095398,1.2698957920074463,1.6666754163452424e-05,0.0,-1.6666754163452424e-05
120800,0.1724453717470169,1.5381505489349365,1.3652552366256714,1.4219795048120432e-05,0.0,-1.4219795048120432e-05
121600,0.1635354906320572,1.531275987625122,1.3674204349517822,1.455751134926686e-05,0.0,-1.455751134926686e-05
122400,0.11373782902956009,1.4002976417541504,1.2864640951156616,1.815974246710539e-05,0.0,-1.815974246710539e-05
123200,0.21030783653259277,1.6356817483901978,1.4258582592010498,1.2406088899297174e-05,0.0,-1.2406088899297174e-05
124000,0.15161168575286865,1.4967247247695923,1.344542384147644,1.6126292393892072e-05,0.0,-1.6126292393892072e-05
124800,0.12024573236703873,1.3570975065231323,1.237979769706726,1.8600316252559423e-05,0.0,-1.8600316252559423e-05
125600,0.18011893332004547,1.5735090970993042,1.3929307460784912,1.486659311922267e-05,0.0,-1.486659311922267e-05
126400,0.15722870826721191,1.4642688035964966,1.3066155910491943,1.9021021216758527e-05,0.0,-1.9021021216758527e-05
127200,0.1997682899236679,1.6337419748306274,1.434320092201233,1.4427707355935127e-05,0.0,-1.4427707355935127e-05
128000,0.06820730865001678,1.2535450458526611,1.1853690147399902,1.6600803064648062e-05,0.0,-1.6600803064648062e-05
128800,0.18321993947029114,1.542975664138794,1.3597137928009033,1.7220836525666527e-05,0.0,-1.7220836525666527e-05
129600,0.15861381590366364,1.5158369541168213,1.3577617406845093,1.399462234985549e-05,0.0,-1.399462234985549e-05
130400,0.1073465421795845,1.360114336013794,1.2517175674438477,1.8795508367475122e-05,0.0,-1.8795508367475122e-05
131200,0.21702897548675537,1.641084909439087,1.424216628074646,1.4905485841154587e-05,0.0,-1.4905485841154587e-05
132000,0.12715089321136475,1.4230495691299438,1.2967394590377808,1.9452838387223892e-05,0.0,-1.9452838387223892e-05
132800,0.1600656658411026,1.5184235572814941,1.3578791618347168,1.4243364603316877e-05,0.0,-1.4243364603316877e-05
133600,0.1640772819519043,1.5525918006896973,1.3882677555084229,1.3708157894143369e-05,0.0,-1.3708157894143369e-05
134400,0.16998343169689178,1.537528157234192,1.3682819604873657,1.466185858589597e-05,0.0,-1.466185858589597e-05
135200,0.12710216641426086,1.4107247591018677,1.2829256057739258,1.4211433153832331e-05,0.0,-1.4211433153832331e-05
136000,0.13291385769844055,1.4247838258743286,1.2924983501434326,1.658291330386419e-05,0.0,-1.658291330386419e-05
136800,0.08320851624011993,1.2970865964889526,1.213983416557312,1.7185278920806013e-05,0.0,-1.7185278920806013e-05
137600,0.11259762942790985,1.3735102415084839,1.2608692646026611,1.4163895684760064e-05,0.0,-1.4163895684760064e-05
138400,0.12964032590389252,1.4531656503677368,1.3233673572540283,1.4215827832231298e-05,0.0,-1.4215827832231298e-05
139200,0.08290578424930573,1.257167100906372,1.1736797094345093,2.0399407731019892e-05,0.0,-2.0399407731019892e-05
140000,0.12645846605300903,1.4499670267105103,1.3241968154907227,1.5472949598915875e-05,0.0,-1.5472949598915875e-05
140800,0.1230398565530777,1.3809459209442139,1.2578853368759155,1.6967162082437426e-05,0.0,-1.6967162082437426e-05
141600,0.12133356928825378,1.4428454637527466,1.321518898010254,1.476254783483455e-05,0.0,-1.476254783483455e-05
142400,0.1041053980588913,1.344415545463562,1.2397072315216064,1.904128112073522e-05,0.0,-1.904128112073522e-05
143200,0.11624769121408463,1.4109735488891602,1.2950800657272339,1.736000194796361e-05,0.0,-1.736000194796361e-05
144000,0.13376232981681824,1.4317829608917236,1.2982981204986572,1.4943181668058969e-05,0.0,-1.4943181668058969e-05
144800,0.09520784020423889,1.3163655996322632,1.220632553100586,1.926061486301478e-05,0.0,-1.926061486301478e-05
145600,0.17569783329963684,1.5418095588684082,1.366110920906067,1.4479180208581965e-05,0.0,-1.4479180208581965e-05
146400,0.08441561460494995,1.3462365865707397,1.2621582746505737,1.4214166185411159e-05,0.0,-1.4214166185411159e-05
147200,0.09259199351072311,1.3294721841812134,1.237062692642212,1.6345236872439273e-05,0.0,-1.6345236872439273e-05
148000,0.1775214523077011,1.5860886573791504,1.407676339149475,1.6081412468338385e-05,0.0,-1.6081412468338385e-05
148800,0.1356499344110489,1.4665724039077759,1.3318358659744263,1.6354731997125782e-05,0.0,-1.6354731997125782e-05
149600,0.11121489107608795,1.4116169214248657,1.2995469570159912,1.972506106540095e-05,0.0,-1.972506106540095e-05
150400,0.22370949387550354,1.645505428314209,1.4222694635391235,1.5743116819066927e-05,0.0,-1.5743116819066927e-05
151200,0.10789871215820312,1.398013949394226,1.290362000465393,1.543202051834669e-05,0.0,-1.543202051834669e-05
152000,0.2143176645040512,1.6102659702301025,1.3957173824310303,1.3723043593927287e-05,0.0,-1.3723043593927287e-05
152800,0.0943385437130928,1.3565958738327026,1.2621153593063354,1.5775311112520285e-05,0.0,-1.5775311112520285e-05
153600,0.19338855147361755,1.6094807386398315,1.4157007932662964,1.1620039913395885e-05,0.0,-1.1620039913395885e-05
154400,0.19119344651699066,1.6053106784820557,1.4145156145095825,1.4772099348192569e-05,0.0,-1.4772099348192569e-05
155200,0.21856792271137238,1.6483110189437866,1.4294379949569702,1.612645064597018e-05,0.0,-1.612645064597018e-05
156000,0.1369001269340515,1.4395477771759033,1.3027961254119873,1.8347091099712998e-05,0.0,-1.8347091099712998e-05
156800,0.13729171454906464,1.4837052822113037,1.346861481666565,1.4189803550834768e-05,0.0,-1.4189803550834768e-05
157600,0.15501098334789276,1.4763075113296509,1.3210184574127197,1.5838997569517232e-05,0.0,-1.5838997569517232e-05
158400,0.11484683305025101,1.3951456546783447,1.2809174060821533,1.7824957467382774e-05,0.0,-1.7824957467382774e-05
159200,0.1595776230096817,1.5172866582870483,1.357287049293518,1.607168269401882e-05,0.0,-1.607168269401882e-05
160000,0.11382349580526352,1.4286681413650513,1.3143457174301147,1.3198457963881083e-05,0.0,-1.3198457963881083e-05
160800,0.08776858448982239,1.2976752519607544,1.2106366157531738,1.7505222785985097e-05,0.0,-1.7505222785985097e-05
161600,0.11295460909605026,1.378204107284546,1.2651724815368652,1.9501409042277373e-05,0.0,-1.9501409042277373e-05
162400,0.1473400741815567,1.4844545125961304,1.3368849754333496,1.5426292520714924e-05,0.0,-1.5426292520714924e-05
163200,0.11371538788080215,1.4041048288345337,1.2906416654586792,1.5023227206256706e-05,0.0,-1.5023227206256706e-05
164000,0.18834516406059265,1.5749516487121582,1.3860664367675781,1.3997685528011061e-05,0.0,-1.3997685528011061e-05
164800,0.16221174597740173,1.5321526527404785,1.3705730438232422,1.5152921150729526e-05,0.0,-1.5152921150729526e-05
165600,0.1360325962305069,1.4545214176177979,1.3178824186325073,1.3998015674587805e-05,0.0,-1.3998015674587805e-05
166400,0.14613288640975952,1.470311164855957,1.3242356777191162,1.5234451893775258e-05,0.0,-1.5234451893775258e-05
167200,0.1804795265197754,1.5490152835845947,1.3684061765670776,1.6689553376636468e-05,0.0,-1.6689553376636468e-05
168000,0.11265293508768082,1.404174566268921,1.2919079065322876,1.6447153029730543e-05,0.0,-1.6447153029730543e-05
168800,0.1367723047733307,1.4555976390838623,1.3191221952438354,1.6103220332297496e-05,0.0,-1.6103220332297496e-05
169600,0.11262920498847961,1.40048348903656,1.2879846096038818,1.5012475159892347e-05,0.0,-1.5012475159892347e-05
170400,0.15870939195156097,1.5009620189666748,1.3413972854614258,1.5046941371110734e-05,0.0,-1.5046941371110734e-05
171200,0.12191983312368393,1.429271936416626,1.3075367212295532,1.64973007485969e-05,0.0,-1.64973007485969e-05
172000,0.19438259303569794,1.6064051389694214,1.4118351936340332,1.3812158613291103e-05,0.0,-1.3812158613291103e-05
172800,0.118672214448452,1.4364569187164307,1.3177506923675537,1.2318549124756828e-05,0.0,-1.2318549124756828e-05
173600,0.1952129304409027,1.6050868034362793,1.4097214937210083,1.5420964700751938e-05,0.0,-1.5420964700751938e-05
174400,0.24503320455551147,1.6581822633743286,1.4129793643951416,1.5121562682907097e-05,0.0,-1.5121562682907097e-05
175200,0.18082672357559204,1.5524793863296509,1.3722968101501465,1.5948988220770843e-05,0.0,-1.5948988220770843e-05
176000,0.16944774985313416,1.537015438079834,1.3679369688034058,1.3740309441345744e-05,0.0,-1.3740309441345744e-05
176800,0.16719360649585724,1.5080453157424927,1.3400050401687622,1.4617034139519092e-05,0.0,-1.4617034139519092e-05
177600,0.13868512213230133,1.4793375730514526,1.341437816619873,1.3927452528150752e-05,0.0,-1.3927452528150752e-05
178400,0.13397252559661865,1.4422236680984497,1.3082729578018188,1.3770939403912053e-05,0.0,-1.3770939403912053e-05
179200,0.18170607089996338,1.53534734249115,1.3528976440429688,1.6271547792712227e-05,0.0,-1.6271547792712227e-05
180000,0.20068231225013733,1.619720458984375,1.4188233613967896,1.379050354444189e-05,0.0,-1.379050354444189e-05
180800,0.1141473650932312,1.3611730337142944,1.2472074031829834,1.666798380028922e-05,0.0,-1.666798380028922e-05
181600,0.15722259879112244,1.51267409324646,1.3555253744125366,1.686689574853517e-05,0.0,-1.686689574853517e-05
182400,0.12978889048099518,1.4296082258224487,1.3002420663833618,1.5241450455505401e-05,0.0,-1.5241450455505401e-05
183200,0.10586708784103394,1.395035982131958,1.289554476737976,1.5110173990251496e-05,0.0,-1.5110173990251496e-05
184000,0.19153548777103424,1.5672037601470947,1.374812364578247,1.4633579667133745e-05,0.0,-1.4633579667133745e-05
184800,0.20607367157936096,1.6206135749816895,1.4146476984024048,1.518354383733822e-05,0.0,-1.518354383733822e-05
185600,0.1976386457681656,1.60991370677948,1.4125416278839111,1.3920975106884725e-05,0.0,-1.3920975106884725e-05
186400,0.18854641914367676,1.5714695453643799,1.3832985162734985,1.5478932255064137e-05,0.0,-1.5478932255064137e-05
187200,0.08591211587190628,1.3304717540740967,1.2445544004440308,9.95843129203422e-06,0.0,-9.95843129203422e-06
188000,0.22123126685619354,1.6519955396652222,1.4304054975509644,1.3940292774350382e-05,0.0,-1.3940292774350382e-05
188800,0.21001240611076355,1.6068187952041626,1.397078514099121,1.4966912203817628e-05,0.0,-1.4966912203817628e-05
189600,0.18909293413162231,1.5952234268188477,1.4055325984954834,1.3546615264203865e-05,0.0,-1.3546615264203865e-05
190400,0.1555233895778656,1.505225419998169,1.3499999046325684,1.553878973936662e-05,0.0,-1.553878973936662e-05
191200,0.12277694046497345,1.43925940990448,1.3160208463668823,1.4910761819919571e-05,0.0,-1.4910761819919571e-05
192000,0.1347002238035202,1.4387149810791016,1.3040530681610107,1.5809595424798317e-05,0.0,-1.5809595424798317e-05
192800,0.14816522598266602,1.482303261756897,1.3341145515441895,1.626959056011401e-05,0.0,-1.626959056011401e-05
193600,0.18490315973758698,1.56038498878479,1.3756048679351807,1.478636113461107e-05,0.0,-1.478636113461107e-05
194400,0.17041711509227753,1.5257571935653687,1.3556722402572632,1.6396475984947756e-05,0.0,-1.6396475984947756e-05
195200,0.18130551278591156,1.563523769378662,1.381731390953064,1.489183705416508e-05,0.0,-1.489183705416508e-05
196000,0.11483227461576462,1.4027740955352783,1.28900945186615,1.882770811789669e-05,0.0,-1.882770811789669e-05
196800,0.07435496896505356,1.295250654220581,1.2209231853485107,1.0370144082116894e-05,0.0,-1.0370144082116894e-05
197600,0.121712327003479,1.4137601852416992,1.2908875942230225,1.813359085645061e-05,0.0,-1.813359085645061e-05
198400,0.22998495399951935,1.6801021099090576,1.450071096420288,1.261337092728354e-05,0.0,-1.261337092728354e-05
199200,0.19907522201538086,1.6197106838226318,1.4206403493881226,1.4898881090630312e-05,0.0,-1.4898881090630312e-05
200000,0.17638538777828217,1.5298815965652466,1.3545691967010498,1.6374613551306538e-05,0.0,-1.6374613551306538e-05
200800,0.18439245223999023,1.5294069051742554,1.3442673683166504,1.691130455583334e-05,0.0,-1.691130455583334e-05
201600,0.10854608565568924,1.4012938737869263,1.2925952672958374,1.5231781617330853e-05,0.0,-1.5231781617330853e-05
202400,0.16735392808914185,1.5388031005859375,1.3716968297958374,1.4960636690375395e-05,0.0,-1.4960636690375395e-05
203200,0.16435880959033966,1.5319926738739014,1.3675836324691772,1.3782489986624569e-05,0.0,-1.3782489986624569e-05
204000,0.18352073431015015,1.5672380924224854,1.3835415840148926,1.5234169040923007e-05,0.0,-1.5234169040923007e-05
204800,0.2770976126194,1.758624792098999,1.481910228729248,1.5769985111546703e-05,0.0,-1.5769985111546703e-05
205600,0.10330689698457718,1.3761996030807495,1.273493766784668,1.5414581866934896e-05,0.0,-1.5414581866934896e-05
206400,0.20634634792804718,1.6221097707748413,1.414878487586975,1.6724819943192415e-05,0.0,-1.6724819943192415e-05
207200,0.12670204043388367,1.449670672416687,1.3235665559768677,1.5771831385791302e-05,0.0,-1.5771831385791302e-05
208000,0.11114095896482468,1.4008697271347046,1.2888883352279663,1.4787895452172961e-05,0.0,-1.4787895452172961e-05
208800,0.17306676506996155,1.5671206712722778,1.3950308561325073,1.4420161278394517e-05,0.0,-1.4420161278394517e-05
209600,0.13785628974437714,1.4461816549301147,1.3077185153961182,1.6523741578566842e-05,0.0,-1.6523741578566842e-05
210400,0.2307959794998169,1.6522759199142456,1.421241283416748,1.4738460777152795e-05,0.0,-1.4738460777152795e-05
211200,0.20195919275283813,1.6170958280563354,1.4161518812179565,1.6764744941610843e-05,0.0,-1.6764744941610843e-05
212000,0.15597133338451385,1.4684712886810303,1.3116344213485718,1.3622674487123732e-05,0.0,-1.3622674487123732e-05
212800,0.15220287442207336,1.489823579788208,1.3384313583374023,1.628777499718126e-05,0.0,-1.628777499718126e-05
213600,0.14149953424930573,1.4834637641906738,1.341575264930725,1.5682167941122316e-05,0.0,-1.5682167941122316e-05
214400,0.11585436016321182,1.4227253198623657,1.3067516088485718,1.425660138920648e-05,0.0,-1.425660138920648e-05
215200,0.24913115799427032,1.6968055963516235,1.4473012685775757,1.4489355635305401e-05,0.0,-1.4489355635305401e-05
216000,0.18579156696796417,1.5558397769927979,1.3703489303588867,1.5581097613903694e-05,0.0,-1.5581097613903694e-05
216800,0.14759865403175354,1.4816421270370483,1.3345592021942139,1.5401838027173653e-05,0.0,-1.5401838027173653e-05
217600,0.08881950378417969,1.3839682340621948,1.2949090003967285,1.4236653441912495e-05,0.0,-1.4236653441912495e-05
218400,0.21068741381168365,1.6175206899642944,1.4061318635940552,1.471303403377533e-05,0.0,-1.471303403377533e-05
219200,0.1812790483236313,1.5547314882278442,1.3743456602096558,1.4276048204919789e-05,0.0,-1.4276048204919789e-05
220000,0.12834635376930237,1.4309653043746948,1.3020268678665161,1.6894677173695527e-05,0.0,-1.6894677173695527e-05
220800,0.22120723128318787,1.633776068687439,1.412906527519226,1.4967413335398305e-05,0.0,-1.4967413335398305e-05
221600,0.14631858468055725,1.4950108528137207,1.348138451576233,1.607453123142477e-05,0.0,-1.607453123142477e-05
222400,0.12469660490751266,1.4445128440856934,1.3198882341384888,1.4712986740050837e-05,0.0,-1.4712986740050837e-05
223200,0.11647142469882965,1.402457594871521,1.2865159511566162,1.5881727449595928e-05,0.0,-1.5881727449595928e-05
224000,0.11572133004665375,1.3796344995498657,1.2631689310073853,1.642224560782779e-05,0.0,-1.642224560782779e-05
224800,0.2008538693189621,1.5959434509277344,1.395342469215393,1.3682967619388364e-05,0.0,-1.3682967619388364e-05
225600,0.05858392268419266,1.2920925617218018,1.233677864074707,1.9287173927295953e-05,0.0,-1.9287173927295953e-05
226400,0.13573341071605682,1.4618654251098633,1.3258332014083862,1.4132107935438398e-05,0.0,-1.4132107935438398e-05
227200,0.11359677463769913,1.3786503076553345,1.2655627727508545,1.820054603740573e-05,0.0,-1.820054603740573e-05
228000,0.19476352632045746,1.5722357034683228,1.3773353099822998,1.5720375813543797e-05,0.0,-1.5720375813543797e-05
228800,0.1640937328338623,1.5230010747909546,1.3586724996566772,1.6793519534985535e-05,0.0,-1.6793519534985535e-05
229600,0.13631215691566467,1.46050226688385,1.3249742984771729,1.4150934475765098e-05,0.0,-1.4150934475765098e-05
230400,0.13747361302375793,1.4818040132522583,1.3438349962234497,1.431750843039481e-05,0.0,-1.431750843039481e-05
231200,0.2354317605495453,1.6825528144836426,1.4470521211624146,1.4203837054083124e-05,0.0,-1.4203837054083124e-05
232000,0.15504685044288635,1.52265202999115,1.367588996887207,1.3831610885972623e-05,0.0,-1.3831610885972623e-05
232800,0.1461586207151413,1.4870271682739258,1.3405841588974,1.4730122529726941e-05,0.0,-1.4730122529726941e-05
233600,0.08459532260894775,1.345711588859558,1.261475920677185,1.6107591363834217e-05,0.0,-1.6107591363834217e-05
234400,0.12470759451389313,1.436193585395813,1.3119583129882812,1.3204903552832548e-05,0.0,-1.3204903552832548e-05
235200,0.19027288258075714,1.582000494003296,1.3914775848388672,1.5121229807846248e-05,0.0,-1.5121229807846248e-05
236000,0.16292235255241394,1.506333351135254,1.343408226966858,1.6302237781928852e-05,0.0,-1.6302237781928852e-05
236800,0.08973967283964157,1.3747326135635376,1.2851674556732178,1.478505782870343e-05,0.0,-1.478505782870343e-05
237600,0.16142049431800842,1.519588828086853,1.3583248853683472,1.326380152022466e-05,0.0,-1.326380152022466e-05
238400,0.09621604532003403,1.3829315900802612,1.2858524322509766,1.6224306818912737e-05,0.0,-1.6224306818912737e-05
239200,0.21894009411334991,1.6466524600982666,1.4281888008117676,1.4147025467536878e-05,0.0,-1.4147025467536878e-05
240000,0.06782315671443939,1.3886395692825317,1.3210703134536743,1.6178561054402962e-05,0.0,-1.6178561054402962e-05
240800,0.14423660933971405,1.476817011833191,1.3325066566467285,1.5498480934184045e-05,0.0,-1.5498480934184045e-05
241600,0.18181367218494415,1.5839474201202393,1.4016286134719849,1.403000351274386e-05,0.0,-1.403000351274386e-05
242400,0.11108022183179855,1.3951919078826904,1.2844445705413818,1.4946820556360763e-05,0.0,-1.4946820556360763e-05
243200,0.09321475774049759,1.3807090520858765,1.287930965423584,1.5214186532830354e-05,0.0,-1.5214186532830354e-05
244000,0.056035105139017105,1.308250069618225,1.2518072128295898,1.6392139514209703e-05,0.0,-1.6392139514209703e-05
244800,0.1780174821615219,1.5634281635284424,1.384884238243103,1.5168285244726576e-05,0.0,-1.5168285244726576e-05
245600,0.22591660916805267,1.67910897731781,1.4533199071884155,1.547374267829582e-05,0.0,-1.547374267829582e-05
246400,0.1414138823747635,1.5135488510131836,1.3723801374435425,1.5955138223944232e-05,0.0,-1.5955138223944232e-05
247200,0.17919769883155823,1.583487868309021,1.4036870002746582,1.537115895189345e-05,0.0,-1.537115895189345e-05
248000,0.17248477041721344,1.5319480895996094,1.3596110343933105,1.5095063645276241e-05,0.0,-1.5095063645276241e-05
248800,0.12962833046913147,1.4458471536636353,1.3163905143737793,1.4698338418384083e-05,0.0,-1.4698338418384083e-05
249600,0.12038622796535492,1.4341952800750732,1.314030647277832,1.5922261809464544e-05,0.0,-1.5922261809464544e-05
250400,0.24465122818946838,1.6987323760986328,1.4537259340286255,1.5808174794074148e-05,0.0,-1.5808174794074148e-05
251200,0.29307544231414795,1.7489348649978638,1.4558899402618408,1.304135821555974e-05,0.0,-1.304135821555974e-05
252000,0.1857014298439026,1.563523530960083,1.3784105777740479,1.6192434486583807e-05,0.0,-1.6192434486583807e-05
252800,0.17375926673412323,1.5407427549362183,1.3670661449432373,1.526849518995732e-05,0.0,-1.526849518995732e-05
253600,0.18482743203639984,1.5886839628219604,1.4037672281265259,1.4209930668585002e-05,0.0,-1.4209930668585002e-05
254400,0.17321689426898956,1.5288506746292114,1.3550775051116943,1.6248108295258135e-05,0.0,-1.6248108295258135e-05
255200,0.1965215653181076,1.600585699081421,1.4042187929153442,1.5192683349596336e-05,0.0,-1.5192683349596336e-05
256000,0.16872046887874603,1.5023212432861328,1.3334975242614746,1.6348039935110137e-05,0.0,-1.6348039935110137e-05
256800,0.1089940145611763,1.438131332397461,1.3291072845458984,1.6989897630992346e-05,0.0,-1.6989897630992346e-05
257600,0.17458024621009827,1.5510352849960327,1.377272367477417,1.5622157661709934e-05,0.0,-1.5622157661709934e-05
258400,0.15911072492599487,1.5201916694641113,1.3610649108886719,1.5680940123274922e-05,0.0,-1.5680940123274922e-05
259200,0.10089969635009766,1.4150341749191284,1.3142340183258057,1.3584611224359833e-05,0.0,-1.3584611224359833e-05
260000,0.19153694808483124,1.5719743967056274,1.3794004917144775,1.6223124475800432e-05,0.0,-1.6223124475800432e-05
260800,0.19930492341518402,1.5834206342697144,1.3842872381210327,1.2324089766480029e-05,0.0,-1.2324089766480029e-05
261600,0.1661398708820343,1.5218040943145752,1.356078863143921,1.4019750778970774e-05,0.0,-1.4019750778970774e-05
262400,0.1441969871520996,1.4799206256866455,1.336007833480835,1.607391459401697e-05,0.0,-1.607391459401697e-05
263200,0.0835631936788559,1.3698229789733887,1.2860065698623657,1.6679230611771345e-05,0.0,-1.6679230611771345e-05
264000,0.1447557508945465,1.5106003284454346,1.3658552169799805,1.5576571968267672e-05,0.0,-1.5576571968267672e-05
264800,0.11806654185056686,1.4562413692474365,1.3381010293960571,1.4200882105797064e-05,0.0,-1.4200882105797064e-05
265600,0.13973823189735413,1.5012023448944092,1.3610552549362183,1.5775463907630183e-05,0.0,-1.5775463907630183e-05
266400,0.14169941842556,1.4763633012771606,1.3351826667785645,1.3269973351270892e-05,0.0,-1.3269973351270892e-05
267200,0.12112420797348022,1.440818190574646,1.3188477754592896,1.4697536244057119e-05,0.0,-1.4697536244057119e-05
268000,0.20543666183948517,1.6150362491607666,1.4097511768341064,1.4340296729642432e-05,0.0,-1.4340296729642432e-05
268800,0.09148557484149933,1.4050203561782837,1.3140984773635864,1.4807001207373105e-05,0.0,-1.4807001207373105e-05
269600,0.16201868653297424,1.5356215238571167,1.373160481452942,1.4365135029947851e-05,0.0,-1.4365135029947851e-05
270400,0.17110231518745422,1.579736351966858,1.4085431098937988,1.4524296602758113e-05,0.0,-1.4524296602758113e-05
271200,0.1741374284029007,1.569836139678955,1.3961732387542725,1.4711370567965787e-05,0.0,-1.4711370567965787e-05
272000,0.2715567648410797,1.7393581867218018,1.4676179885864258,1.5270257790689357e-05,0.0,-1.5270257790689357e-05
272800,0.11849795281887054,1.4501936435699463,1.3320363759994507,1.471504492656095e-05,0.0,-1.471504492656095e-05
273600,0.06871981173753738,1.3734759092330933,1.304330825805664,1.4773379007237963e-05,0.0,-1.4773379007237963e-05
274400,0.07827892899513245,1.35056471824646,1.2730523347854614,1.6620148016954772e-05,0.0,-1.6620148016954772e-05
275200,0.1242888942360878,1.470459222793579,1.3455357551574707,1.4595134416595101e-05,0.0,-1.4595134416595101e-05
276000,0.09592358022928238,1.4074705839157104,1.3122305870056152,1.5590911061735824e-05,0.0,-1.5590911061735824e-05
276800,0.08876892924308777,1.3981660604476929,1.3091816902160645,1.621195588086266e-05,0.0,-1.621195588086266e-05
277600,0.14344458281993866,1.496320366859436,1.3530195951461792,1.8030666979029775e-05,0.0,-1.8030666979029775e-05
278400,0.1363344043493271,1.51738440990448,1.380510926246643,1.4569599443348125e-05,0.0,-1.4569599443348125e-05
279200,0.20405149459838867,1.6101185083389282,1.4066383838653564,1.4696981452289037e-05,0.0,-1.4696981452289037e-05
280000,0.14135737717151642,1.4858675003051758,1.343772530555725,1.613069798622746e-05,0.0,-1.613069798622746e-05
280800,0.18972231447696686,1.5699487924575806,1.3799728155136108,1.632229941606056e-05,0.0,-1.632229941606056e-05
281600,0.20839808881282806,1.6242305040359497,1.416089653968811,1.4871995517751202e-05,0.0,-1.4871995517751202e-05
282400,0.20327948033809662,1.5711889266967773,1.368660807609558,1.5773088307469152e-05,0.0,-1.5773088307469152e-05
283200,0.10215412080287933,1.3932712078094482,1.2911205291748047,1.7912012481247075e-05,0.0,-1.7912012481247075e-05
284000,0.10658914595842361,1.4455249309539795,1.3383644819259644,1.4919065506546758e-05,0.0,-1.4919065506546758e-05
284800,0.11607658863067627,1.4096028804779053,1.2930275201797485,1.564269587106537e-05,0.0,-1.564269587106537e-05
285600,0.06320012360811234,1.343141794204712,1.2801434993743896,1.5733907275716774e-05,0.0,-1.5733907275716774e-05
286400,0.11661484092473984,1.4487260580062866,1.3327840566635132,1.4547454156854656e-05,0.0,-1.4547454156854656e-05
287200,0.1941297948360443,1.5913327932357788,1.396199107170105,1.4256020222092047e-05,0.0,-1.4256020222092047e-05
288000,0.20134995877742767,1.583335518836975,1.3826478719711304,1.4662882676930167e-05,0.0,-1.4662882676930167e-05
288800,0.17362678050994873,1.5792499780654907,1.4060797691345215,1.59331139002461e-05,0.0,-1.59331139002461e-05
289600,0.04627087339758873,1.3109525442123413,1.2647228240966797,1.7069707610062324e-05,0.0,-1.7069707610062324e-05
290400,0.15869122743606567,1.538462519645691,1.3794419765472412,1.461896681576036e-05,0.0,-1.461896681576036e-05
291200,0.12478706240653992,1.4556984901428223,1.3301091194152832,1.4342517715704162e-05,0.0,-1.4342517715704162e-05
292000,0.224246546626091,1.6206520795822144,1.396641731262207,1.6478450561407954e-05,0.0,-1.6478450561407954e-05
292800,0.14115697145462036,1.4841703176498413,1.3434759378433228,1.3723569281864911e-05,0.0,-1.3723569281864911e-05
293600,0.19414925575256348,1.5578227043151855,1.3631072044372559,1.6191357644856907e-05,0.0,-1.6191357644856907e-05
294400,0.10647527873516083,1.4319614171981812,1.3259270191192627,1.1239070772717241e-05,0.0,-1.1239070772717241e-05
295200,0.18946442008018494,1.5637192726135254,1.3737691640853882,1.6438852981082164e-05,0.0,-1.6438852981082164e-05
296000,0.1024058610200882,1.4473456144332886,1.34605872631073,1.449013507226482e-05,0.0,-1.449013507226482e-05
296800,0.13105104863643646,1.4796369075775146,1.3480721712112427,1.4696273865411058e-05,0.0,-1.4696273865411058e-05
297600,0.0969090387225151,1.4134243726730347,1.3161444664001465,1.5611938579240814e-05,0.0,-1.5611938579240814e-05
298400,0.24329586327075958,1.6727851629257202,1.4295586347579956,1.6557269191253e-05,0.0,-1.6557269191253e-05
299200,0.18541279435157776,1.577599048614502,1.3926962614059448,1.555878043291159e-05,0.0,-1.555878043291159e-05
300000,0.11655861884355545,1.4688791036605835,1.3522363901138306,1.4652206118626054e-05,0.0,-1.4652206118626054e-05
300800,0.14982706308364868,1.510036587715149,1.3596253395080566,1.607957892701961e-05,0.0,-1.607957892701961e-05
301600,0.002334929071366787,1.2638815641403198,1.2622170448303223,1.5584644643240608e-05,0.0,-1.5584644643240608e-05
302400,0.14786924421787262,1.4905956983566284,1.342035174369812,1.5276957128662616e-05,0.0,-1.5276957128662616e-05
303200,0.06704369932413101,1.357893705368042,1.2914632558822632,1.4914464372850489e-05,0.0,-1.4914464372850489e-05
304000,0.12110113352537155,1.4770948886871338,1.355912446975708,1.6051813872763887e-05,0.0,-1.6051813872763887e-05
304800,0.16962525248527527,1.5352287292480469,1.3649442195892334,1.3746611330134328e-05,0.0,-1.3746611330134328e-05
305600,0.17476807534694672,1.5288909673690796,1.3550668954849243,1.6506810425198637e-05,0.0,-1.6506810425198637e-05
306400,0.10203862190246582,1.4107922315597534,1.308386206626892,1.586137841513846e-05,0.0,-1.586137841513846e-05
307200,0.15815740823745728,1.5377576351165771,1.3800344467163086,1.428724226570921e-05,0.0,-1.428724226570921e-05
308000,0.04459426924586296,1.323815107345581,1.2790396213531494,1.812198206607718e-05,0.0,-1.812198206607718e-05
308800,0.16727112233638763,1.5270264148712158,1.358978033065796,1.4972647477407008e-05,0.0,-1.4972647477407008e-05
309600,0.13480353355407715,1.4889055490493774,1.3540565967559814,1.3362029676500242e-05,0.0,-1.3362029676500242e-05
310400,0.24690106511116028,1.6768473386764526,1.4309481382369995,1.371641792502487e-05,0.0,-1.371641792502487e-05
311200,0.13683085143566132,1.4871793985366821,1.3497763872146606,1.5002897271187976e-05,0.0,-1.5002897271187976e-05
312000,0.2128918617963791,1.6005932092666626,1.3881890773773193,1.6272968423436396e-05,0.0,-1.6272968423436396e-05
312800,0.24107638001441956,1.70393967628479,1.4619728326797485,1.3240414773463272e-05,0.0,-1.3240414773463272e-05
313600,0.14573495090007782,1.5205248594284058,1.3757946491241455,1.5013813026598655e-05,0.0,-1.5013813026598655e-05
314400,0.2075689733028412,1.607656478881836,1.3995137214660645,1.5443058146047406e-05,0.0,-1.5443058146047406e-05
315200,0.24800510704517365,1.6761950254440308,1.427951693534851,1.5010642528068274e-05,0.0,-1.5010642528068274e-05
316000,0.152064710855484,1.5239201784133911,1.3726389408111572,1.6557016351725906e-05,0.0,-1.6557016351725906e-05
316800,0.0778699740767479,1.3890376091003418,1.3109023571014404,1.4472712791757658e-05,0.0,-1.4472712791757658e-05
317600,0.16653263568878174,1.5219600200653076,1.3554956912994385,1.7521975678391755e-05,0.0,-1.7521975678391755e-05
318400,0.09625834226608276,1.435674786567688,1.3387759923934937,1.4106047274253797e-05,0.0,-1.4106047274253797e-05
319200,0.13395801186561584,1.4669724702835083,1.3331495523452759,1.5664634702261537e-05,0.0,-1.5664634702261537e-05
320000,0.1107202023267746,1.4832077026367188,1.373203158378601,1.5674573660362512e-05,0.0,-1.5674573660362512e-05
320800,0.1702437549829483,1.5465967655181885,1.3753736019134521,1.5232208170345984e-05,0.0,-1.5232208170345984e-05
321600,0.1581442803144455,1.4711873531341553,1.3133633136749268,1.6167747162398882e-05,0.0,-1.6167747162398882e-05
322400,0.11983425915241241,1.4574320316314697,1.3383140563964844,1.5375779184978455e-05,0.0,-1.5375779184978455e-05
323200,0.16068366169929504,1.4914580583572388,1.3304901123046875,7.153907063184306e-06,0.0,-7.153907063184306e-06
324000,0.15324585139751434,1.5148030519485474,1.3615378141403198,1.6472105926368386e-05,0.0,-1.6472105926368386e-05
324800,0.22562411427497864,1.6559144258499146,1.4299705028533936,1.6525420505786315e-05,0.0,-1.6525420505786315e-05
325600,0.16051766276359558,1.5448217391967773,1.384407639503479,1.4372099030879326e-05,0.0,-1.4372099030879326e-05
326400,0.20376498997211456,1.598933458328247,1.3947861194610596,1.2689028153545223e-05,0.0,-1.2689028153545223e-05
327200,0.15080833435058594,1.5357625484466553,1.3850444555282593,1.4626457414124161e-05,0.0,-1.4626457414124161e-05
328000,0.1813928484916687,1.5987017154693604,1.417450189590454,1.3965286598249804e-05,0.0,-1.3965286598249804e-05
328800,0.1227075532078743,1.479762315750122,1.3567622900009155,1.5646008250769228e-05,0.0,-1.5646008250769228e-05
329600,0.15502852201461792,1.5160753726959229,1.3616021871566772,1.5019852071418427e-05,0.0,-1.5019852071418427e-05
330400,0.18859708309173584,1.5808300971984863,1.391456961631775,1.5994430214050226e-05,0.0,-1.5994430214050226e-05
331200,0.23817430436611176,1.6478205919265747,1.4107221364974976,1.4445558917941526e-05,0.0,-1.4445558917941526e-05
332000,0.17564883828163147,1.5531216859817505,1.3769901990890503,1.401020654157037e-05,0.0,-1.401020654157037e-05
332800,0.03482695668935776,1.3357325792312622,1.3010364770889282,1.5905152395134792e-05,0.0,-1.5905152395134792e-05
333600,0.16434574127197266,1.5233994722366333,1.3583624362945557,1.5000641724327579e-05,0.0,-1.5000641724327579e-05
334400,0.23136761784553528,1.6478478908538818,1.4171396493911743,1.3810563359584194e-05,0.0,-1.3810563359584194e-05
335200,0.22887948155403137,1.615605115890503,1.3872451782226562,1.4099946383794304e-05,0.0,-1.4099946383794304e-05
336000,0.011275788769125938,1.243627905845642,1.2321233749389648,1.9898470782209188e-05,0.0,-1.9898470782209188e-05
336800,0.02048150636255741,1.2718324661254883,1.2504873275756836,1.6952966689132154e-05,0.0,-1.6952966689132154e-05
337600,0.23699741065502167,1.6287347078323364,1.391918420791626,1.5681252989452332e-05,0.0,-1.5681252989452332e-05
338400,0.21285971999168396,1.6336774826049805,1.4215819835662842,1.4978516446717549e-05,0.0,-1.4978516446717549e-05
339200,0.1143098771572113,1.4727363586425781,1.3582842350006104,1.5190847989288159e-05,0.0,-1.5190847989288159e-05
340000,0.0875745564699173,1.3979804515838623,1.310573935508728,1.5957588402670808e-05,0.0,-1.5957588402670808e-05
340800,0.08344843238592148,1.3767201900482178,1.2933827638626099,1.553156107547693e-05,0.0,-1.553156107547693e-05
341600,0.20048721134662628,1.5460634231567383,1.3445111513137817,1.4985148482082877e-05,0.0,-1.4985148482082877e-05
342400,0.1469327211380005,1.4719107151031494,1.3254338502883911,1.720402178762015e-05,0.0,-1.720402178762015e-05
343200,0.12466377764940262,1.4826793670654297,1.3580751419067383,1.4546131751558278e-05,0.0,-1.4546131751558278e-05
344000,0.1310555785894394,1.5202726125717163,1.389297604560852,1.4067500160308555e-05,0.0,-1.4067500160308555e-05
344800,0.12092046439647675,1.461997151374817,1.340461015701294,1.5837111277505755e-05,0.0,-1.5837111277505755e-05
345600,0.1691732257604599,1.5294150114059448,1.3601667881011963,1.5530020391452126e-05,0.0,-1.5530020391452126e-05
346400,0.24440157413482666,1.6244505643844604,1.3800336122512817,1.5195446394500323e-05,0.0,-1.5195446394500323e-05
347200,0.2029087394475937,1.5681555271148682,1.3652400970458984,1.3115113688400015e-05,0.0,-1.3115113688400015e-05
348000,0.2757560610771179,1.7383699417114258,1.4632319211959839,1.6742866137064993e-05,0.0,-1.6742866137064993e-05
348800,0.056373849511146545,1.4301795959472656,1.3742587566375732,2.076885721180588e-05,0.0,-2.076885721180588e-05
349600,0.10609158128499985,1.4341470003128052,1.327202558517456,1.5107503713807091e-05,0.0,-1.5107503713807091e-05
350400,0.1297898292541504,1.4646118879318237,1.3354759216308594,1.4351280697155744e-05,0.0,-1.4351280697155744e-05
351200,0.09075601398944855,1.4491068124771118,1.3579869270324707,1.5822604837012477e-05,0.0,-1.5822604837012477e-05
352000,0.1999298483133316,1.590063452720642,1.3898537158966064,1.3462142305797897e-05,0.0,-1.3462142305797897e-05
352800,0.16036300361156464,1.5373878479003906,1.3773342370986938,1.6195439457078464e-05,0.0,-1.6195439457078464e-05
353600,0.1943080574274063,1.6024484634399414,1.408355951309204,1.3226921510067768e-05,0.0,-1.3226921510067768e-05
354400,0.06850238889455795,1.402985692024231,1.3347218036651611,1.4848310456727631e-05,0.0,-1.4848310456727631e-05
355200,0.05421234294772148,1.3780789375305176,1.32388174533844,1.5829358744667843e-05,0.0,-1.5829358744667843e-05
356000,0.09453676640987396,1.4368950128555298,1.3417469263076782,1.6752623196225613e-05,0.0,-1.6752623196225613e-05
356800,0.12099839746952057,1.4485901594161987,1.3272669315338135,1.603103373781778e-05,0.0,-1.603103373781778e-05
357600,0.1536916047334671,1.494077444076538,1.3407694101333618,1.4593480045732576e-05,0.0,-1.4593480045732576e-05
358400,0.16161483526229858,1.5485386848449707,1.3872159719467163,1.545172926853411e-05,0.0,-1.545172926853411e-05
359200,0.13688968122005463,1.517299771308899,1.3801257610321045,1.3846028195985127e-05,0.0,-1.3846028195985127e-05
360000,0.17113907635211945,1.5421541929244995,1.371687650680542,1.4488992746919394e-05,0.0,-1.4488992746919394e-05
360800,0.15764398872852325,1.528817057609558,1.3706822395324707,1.608208185643889e-05,0.0,-1.608208185643889e-05
361600,0.042911723256111145,1.3627382516860962,1.3201968669891357,1.607009835424833e-05,0.0,-1.607009835424833e-05
362400,0.031970273703336716,1.371103048324585,1.3391741514205933,1.5528064977843314e-05,0.0,-1.5528064977843314e-05
363200,0.10384835302829742,1.4720324277877808,1.3682756423950195,1.5285386325558648e-05,0.0,-1.5285386325558648e-05
364000,0.127813458442688,1.4499621391296387,1.3212467432022095,1.7997568647842854e-05,0.0,-1.7997568647842854e-05
364800,0.12077537178993225,1.4834840297698975,1.3635812997817993,1.7089309039874934e-05,0.0,-1.7089309039874934e-05
365600,-0.043565649539232254,1.268157958984375,1.311789631843567,1.7438029317418113e-05,0.0,-1.7438029317418113e-05
366400,0.19233551621437073,1.5655653476715088,1.372605562210083,1.3209208191256039e-05,0.0,-1.3209208191256039e-05
367200,0.18711082637310028,1.5620168447494507,1.374896764755249,1.5066430023580324e-05,0.0,-1.5066430023580324e-05
368000,0.09285023808479309,1.4711552858352661,1.3784271478652954,1.4122276297712233e-05,0.0,-1.4122276297712233e-05
368800,0.21329525113105774,1.593111515045166,1.3793591260910034,1.0302695727659739e-06,0.0,-1.0302695727659739e-06
369600,0.16493800282478333,1.5289338827133179,1.3638575077056885,1.539470031275414e-05,0.0,-1.539470031275414e-05
370400,0.1584821343421936,1.5421431064605713,1.3836041688919067,1.3833060620527249e-05,0.0,-1.3833060620527249e-05
371200,0.1456795036792755,1.5214968919754028,1.376258134841919,1.6360942026949488e-05,0.0,-1.6360942026949488e-05
372000,0.13485975563526154,1.4857676029205322,1.3508955240249634,1.5976962458807975e-05,0.0,-1.5976962458807975e-05
372800,0.27567777037620544,1.7082016468048096,1.4323612451553345,1.5289919247152284e-05,0.0,-1.5289919247152284e-05
373600,0.2556937336921692,1.6563405990600586,1.4005541801452637,1.444130884920014e-05,0.0,-1.444130884920014e-05
374400,0.16423171758651733,1.5672428607940674,1.4029037952423096,1.4059275599720422e-05,0.0,-1.4059275599720422e-05
375200,0.22857914865016937,1.6299644708633423,1.4016902446746826,1.3508132724382449e-05,0.0,-1.3508132724382449e-05
376000,0.24635453522205353,1.650320291519165,1.4038249254226685,1.706824332359247e-05,0.0,-1.706824332359247e-05
376800,0.16764383018016815,1.5363895893096924,1.3687844276428223,1.3871553164790384e-05,0.0,-1.3871553164790384e-05
377600,0.21297448873519897,1.6092761754989624,1.3971527814865112,1.375651299895253e-05,0.0,-1.375651299895253e-05
378400,0.07461518049240112,1.4423556327819824,1.3668748140335083,1.561385579407215e-05,0.0,-1.561385579407215e-05
379200,0.23441357910633087,1.6186134815216064,1.3840608596801758,1.4657926840300206e-05,0.0,-1.4657926840300206e-05
380000,0.18717288970947266,1.5724425315856934,1.3854891061782837,1.6399624655605294e-05,0.0,-1.6399624655605294e-05
380800,0.0771736428141594,1.4227622747421265,1.3461904525756836,1.5018578778835945e-05,0.0,-1.5018578778835945e-05
381600,0.15083061158657074,1.4917806386947632,1.3400697708129883,1.5362254998763092e-05,0.0,-1.5362254998763092e-05
382400,0.006453854031860828,1.3473987579345703,1.3417518138885498,1.6467954992549494e-05,0.0,-1.6467954992549494e-05
383200,0.0463089644908905,1.386473536491394,1.3393954038619995,1.9970197172369808e-05,0.0,-1.9970197172369808e-05
384000,0.14493487775325775,1.5034817457199097,1.3594831228256226,1.6641839465592057e-05,0.0,-1.6641839465592057e-05
384800,0.24599002301692963,1.6476629972457886,1.4014567136764526,1.5124399396881927e-05,0.0,-1.5124399396881927e-05
385600,0.11201182752847672,1.4686968326568604,1.355819582939148,1.4561777788912877e-05,0.0,-1.4561777788912877e-05
386400,0.09957485646009445,1.4127156734466553,1.3138961791992188,1.573257213749457e-05,0.0,-1.573257213749457e-05
387200,0.03377571329474449,1.3750145435333252,1.3409072160720825,1.3795426639262587e-05,0.0,-1.3795426639262587e-05
388000,0.2818720042705536,1.6951903104782104,1.4132581949234009,1.4428139365918469e-05,0.0,-1.4428139365918469e-05
388800,0.07003176957368851,1.433529019355774,1.3643656969070435,1.4038436347618699e-05,0.0,-1.4038436347618699e-05
389600,0.14256779849529266,1.4847357273101807,1.3409723043441772,1.3940894859842956e-05,0.0,-1.3940894859842956e-05
390400,0.27853044867515564,1.6947996616363525,1.4174070358276367,1.451670232199831e-05,0.0,-1.451670232199831e-05
391200,0.03835764899849892,1.364707589149475,1.3258757591247559,1.4574416127288714e-05,0.0,-1.4574416127288714e-05
392000,0.19616462290287018,1.5859118700027466,1.389992117881775,1.4692681361339055e-05,0.0,-1.4692681361339055e-05
392800,0.17689217627048492,1.5398139953613281,1.3626757860183716,1.353107381873997e-05,0.0,-1.353107381873997e-05
393600,0.08180193603038788,1.4108293056488037,1.3295000791549683,1.5162790077738464e-05,0.0,-1.5162790077738464e-05
394400,0.14823362231254578,1.542914628982544,1.3936686515808105,3.0005843655089848e-05,0.0,-3.0005843655089848e-05
395200,0.10825838893651962,1.4455136060714722,1.337898850440979,1.4506661500490736e-05,0.0,-1.4506661500490736e-05
396000,0.09891262650489807,1.473970651626587,1.3743857145309448,1.4057161934033502e-05,0.0,-1.4057161934033502e-05
396800,0.2290841042995453,1.6336833238601685,1.4045500755310059,1.5049419744173065e-05,0.0,-1.5049419744173065e-05
397600,0.21824084222316742,1.6389803886413574,1.420987606048584,1.595971298229415e-05,0.0,-1.595971298229415e-05
398400,0.16718856990337372,1.5441904067993164,1.3774746656417847,1.4160997125145514e-05,0.0,-1.4160997125145514e-05
399200,0.10900312662124634,1.4894741773605347,1.3805012702941895,1.5719178918516263e-05,0.0,-1.5719178918516263e-05
400000,0.08019557595252991,1.422611117362976,1.3426307439804077,1.4635287698183674e-05,0.0,-1.4635287698183674e-05
400800,0.14525394141674042,1.520384430885315,1.3752504587173462,1.385298583045369e-05,0.0,-1.385298583045369e-05
401600,0.21714791655540466,1.6032534837722778,1.3861840963363647,1.474129476264352e-05,0.0,-1.474129476264352e-05
402400,0.041699089109897614,1.387820839881897,1.3457368612289429,1.5263351087924093e-05,0.0,-1.5263351087924093e-05
403200,-0.03260962292551994,1.286953330039978,1.3196450471878052,1.668252366471279e-06,0.0,-1.668252366471279e-06
404000,0.019050683826208115,1.3605587482452393,1.3416699171066284,1.5117502698558383e-05,0.0,-1.5117502698558383e-05
404800,0.1902174949645996,1.6118310689926147,1.4207730293273926,1.4977558748796582e-05,0.0,-1.4977558748796582e-05
405600,0.21720203757286072,1.5990729331970215,1.3827217817306519,1.611675543244928e-05,0.0,-1.611675543244928e-05
406400,0.09647677838802338,1.4382314682006836,1.341614842414856,1.4152682524581905e-05,0.0,-1.4152682524581905e-05
407200,0.03465106710791588,1.3949142694473267,1.3602787256240845,1.536636773380451e-05,0.0,-1.536636773380451e-05
408000,0.12389375269412994,1.5174843072891235,1.3931801319122314,1.6141664673341438e-05,0.0,-1.6141664673341438e-05
408800,0.10179747641086578,1.4757106304168701,1.3741936683654785,2.7192743345949566e-06,0.0,-2.7192743345949566e-06
409600,0.259064644575119,1.6556315422058105,1.3958004713058472,1.6620291717117652e-05,0.0,-1.6620291717117652e-05
410400,0.07258562743663788,1.470250129699707,1.397581934928894,1.599948518560268e-05,0.0,-1.599948518560268e-05
411200,0.10601414740085602,1.4706891775131226,1.364820122718811,1.7191747247125022e-05,0.0,-1.7191747247125022e-05
412000,0.291536420583725,1.7072697877883911,1.4160327911376953,1.5357343727373518e-05,0.0,-1.5357343727373518e-05
412800,0.05608111992478371,1.4254164695739746,1.369139313697815,1.4688269402540755e-05,0.0,-1.4688269402540755e-05
413600,0.08345599472522736,1.4560158252716064,1.372876524925232,1.4469559573626611e-05,0.0,-1.4469559573626611e-05
414400,0.00734967365860939,1.357936978340149,1.350900650024414,1.6000678442651406e-05,0.0,-1.6000678442651406e-05
415200,0.19292564690113068,1.5745692253112793,1.3818827867507935,1.3462042261380702e-05,0.0,-1.3462042261380702e-05
416000,-0.01303864549845457,1.2920241355895996,1.3048053979873657,1.6369933291571215e-05,0.0,-1.6369933291571215e-05
416800,-0.009539776481688023,1.312872290611267,1.3221813440322876,1.6390078599215485e-05,0.0,-1.6390078599215485e-05
417600,0.08396720886230469,1.466481328010559,1.3820831775665283,1.582091863383539e-05,0.0,-1.582091863383539e-05
418400,0.14609551429748535,1.4891631603240967,1.3437186479568481,1.3475946616381407e-05,0.0,-1.3475946616381407e-05
419200,0.1545596867799759,1.5506585836410522,1.3957655429840088,1.3517425941245165e-05,0.0,-1.3517425941245165e-05
420000,0.05529800429940224,1.3817455768585205,1.3271592855453491,1.3827222574036568e-05,0.0,-1.3827222574036568e-05
420800,0.07959584146738052,1.4126389026641846,1.3324108123779297,1.4361758076120168e-05,0.0,-1.4361758076120168e-05
421600,0.15700389444828033,1.5293433666229248,1.3723113536834717,1.7217029380844906e-05,0.0,-1.7217029380844906e-05
422400,-0.01817765273153782,1.3521785736083984,1.3699432611465454,1.67747766681714e-05,0.0,-1.67747766681714e-05
423200,0.18287406861782074,1.5682164430618286,1.3858017921447754,1.4008553989697248e-05,0.0,-1.4008553989697248e-05
424000,0.30671361088752747,1.722102165222168,1.4148908853530884,1.4572975487681106e-05,0.0,-1.4572975487681106e-05
424800,0.2002052366733551,1.6239522695541382,1.4245407581329346,1.5217626241792459e-05,0.0,-1.5217626241792459e-05
425600,0.05421479046344757,1.4367510080337524,1.3822859525680542,1.7017495338222943e-05,0.0,-1.7017495338222943e-05
426400,0.05718432739377022,1.373885154724121,1.3167344331741333,5.392038929130649e-06,0.0,-5.392038929130649e-06
427200,0.17261165380477905,1.5489181280136108,1.3761615753173828,1.4497233678412158e-05,0.0,-1.4497233678412158e-05
428000,0.16214951872825623,1.540740966796875,1.3781553506851196,1.5505180272157304e-05,0.0,-1.5505180272157304e-05
428800,0.18820762634277344,1.568215012550354,1.3801989555358887,1.5185402844508644e-05,0.0,-1.5185402844508644e-05
429600,0.14596524834632874,1.5107192993164062,1.3645738363265991,1.5242068911902606e-05,0.0,-1.5242068911902606e-05
430400,0.04385733604431152,1.3898197412490845,1.3466525077819824,1.7424519683117978e-05,0.0,-1.7424519683117978e-05
431200,0.17884492874145508,1.58633553981781,1.4073985815048218,1.3851801668351982e-05,0.0,-1.3851801668351982e-05
432000,0.08378495275974274,1.4896275997161865,1.4061719179153442,1.786383472790476e-05,0.0,-1.786383472790476e-05
432800,-0.015723811462521553,1.3120312690734863,1.327770471572876,1.5322904800996184e-05,0.0,-1.5322904800996184e-05
433600,0.2611505687236786,1.6728436946868896,1.4109265804290771,1.576719296281226e-05,0.0,-1.576719296281226e-05
434400,0.06922293454408646,1.4184943437576294,1.349084734916687,1.5408480976475403e-05,0.0,-1.5408480976475403e-05
435200,0.129609614610672,1.514021396636963,1.385119080543518,1.399345819663722e-05,0.0,-1.399345819663722e-05
436000,0.16940774023532867,1.5580772161483765,1.3879081010818481,1.4245214515540283e-05,0.0,-1.4245214515540283e-05
436800,0.2295304238796234,1.6303319931030273,1.401641845703125,1.4535527043335605e-05,0.0,-1.4535527043335605e-05
437600,0.1240750104188919,1.5097030401229858,1.3857779502868652,1.6115483958856203e-05,0.0,-1.6115483958856203e-05
438400,-0.04011096432805061,1.3219459056854248,1.3620191812515259,1.5536868886556476e-05,0.0,-1.5536868886556476e-05
439200,0.23994608223438263,1.6093453168869019,1.3689782619476318,1.3350067092687823e-05,0.0,-1.3350067092687823e-05
440000,-0.02179482765495777,1.3594204187393188,1.381200909614563,1.452637752663577e-05,0.0,-1.452637752663577e-05
440800,0.21909239888191223,1.5929383039474487,1.3735053539276123,1.5343579434556887e-05,0.0,-1.5343579434556887e-05
441600,0.028748102486133575,1.3876161575317383,1.3593426942825317,1.5802228517713957e-05,0.0,-1.5802228517713957e-05
442400,0.1809130311012268,1.5813119411468506,1.400672435760498,1.495584820077056e-05,0.0,-1.495584820077056e-05
443200,0.08121940493583679,1.4286235570907593,1.3470430374145508,1.5156419067352545e-05,0.0,-1.5156419067352545e-05
444000,-0.05961577221751213,1.2708079814910889,1.3308067321777344,1.7088144886656664e-05,0.0,-1.7088144886656664e-05
444800,0.14660358428955078,1.556739330291748,1.4099677801132202,1.5087754036358092e-05,0.0,-1.5087754036358092e-05
445600,0.3039723038673401,1.6896270513534546,1.3860057592391968,1.4032543731445912e-05,0.0,-1.4032543731445912e-05
446400,0.026835111901164055,1.3925694227218628,1.3647642135620117,1.5452877050847746e-05,0.0,-1.5452877050847746e-05
447200,0.10161565244197845,1.4613659381866455,1.3597017526626587,1.4757205462956335e-05,0.0,-1.4757205462956335e-05
448000,0.09284011274576187,1.4411168098449707,1.3486489057540894,1.3743776435148902e-05,0.0,-1.3743776435148902e-05
448800,0.15923985838890076,1.5562901496887207,1.3971235752105713,1.4612427548854612e-05,0.0,-1.4612427548854612e-05
449600,0.2134934365749359,1.607714295387268,1.3944733142852783,1.3082550140097737e-05,0.0,-1.3082550140097737e-05
450400,0.26079612970352173,1.663944959640503,1.4026496410369873,1.3809416486765258e-05,0.0,-1.3809416486765258e-05
451200,0.03909796103835106,1.3925597667694092,1.3537895679473877,1.738588252919726e-05,0.0,-1.738588252919726e-05
452000,-0.05876682698726654,1.2481186389923096,1.30741286277771,1.7284550267504528e-05,0.0,-1.7284550267504528e-05
452800,0.08842973411083221,1.4580668210983276,1.3690043687820435,1.614675420569256e-05,0.0,-1.614675420569256e-05
453600,0.13278008997440338,1.502416729927063,1.3699498176574707,1.4118884791969322e-05,0.0,-1.4118884791969322e-05
454400,0.20322264730930328,1.5586048364639282,1.3556785583496094,1.3643955753650516e-05,0.0,-1.3643955753650516e-05
455200,0.1013607308268547,1.4418634176254272,1.3399121761322021,1.4199112229107413e-05,0.0,-1.4199112229107413e-05
456000,0.06328164041042328,1.4542734622955322,1.3910266160964966,1.364495801681187e-05,0.0,-1.364495801681187e-05
456800,0.27478933334350586,1.6795012950897217,1.4045034646987915,1.2968110240763053e-05,0.0,-1.2968110240763053e-05
457600,0.1642029732465744,1.5296046733856201,1.3657591342926025,1.3047686479694676e-05,0.0,-1.3047686479694676e-05
458400,0.25101199746131897,1.6071481704711914,1.3563772439956665,1.189165504911216e-05,0.0,-1.189165504911216e-05
459200,0.24591891467571259,1.5858718156814575,1.339215636253357,1.59260871441802e-05,0.0,-1.59260871441802e-05
460000,0.11775936931371689,1.5179206132888794,1.400333046913147,1.5569474271615036e-05,0.0,-1.5569474271615036e-05
460800,0.08497688174247742,1.473570466041565,1.3887860774993896,1.592891749169212e-05,0.0,-1.592891749169212e-05
461600,0.056415773928165436,1.4673181772232056,1.4111021757125854,1.2847631296608597e-05,0.0,-1.2847631296608597e-05
462400,0.09235743433237076,1.4713119268417358,1.3790801763534546,1.4510524124489166e-05,0.0,-1.4510524124489166e-05
463200,0.022837664932012558,1.415104627609253,1.3916981220245361,1.6753259842516854e-05,0.0,-1.6753259842516854e-05
464000,0.12337742000818253,1.500908374786377,1.3772367238998413,1.4119445950200316e-05,0.0,-1.4119445950200316e-05
464800,0.12970781326293945,1.4771544933319092,1.347604513168335,1.5031865586934146e-05,0.0,-1.5031865586934146e-05
465600,0.15921206772327423,1.5343084335327148,1.3748301267623901,1.2859009984822478e-05,0.0,-1.2859009984822478e-05
466400,-0.03430456295609474,1.3179839849472046,1.3528937101364136,1.603787313797511e-05,0.0,-1.603787313797511e-05
467200,0.09945923835039139,1.4488974809646606,1.3491785526275635,1.4306102457339875e-05,0.0,-1.4306102457339875e-05
468000,0.16770583391189575,1.5153930187225342,1.3480650186538696,1.2093772056687158e-05,0.0,-1.2093772056687158e-05
468800,0.0798211470246315,1.4402791261672974,1.3599834442138672,1.4287115845945664e-05,0.0,-1.4287115845945664e-05
469600,0.3048916459083557,1.6983671188354492,1.3934643268585205,1.4162761544866953e-05,0.0,-1.4162761544866953e-05
470400,0.27979227900505066,1.6628557443618774,1.3834558725357056,1.284468271478545e-05,0.0,-1.284468271478545e-05
471200,0.15869306027889252,1.5544942617416382,1.39521062374115,1.5067404092405923e-05,0.0,-1.5067404092405923e-05
472000,0.24666765332221985,1.6434333324432373,1.3969700336456299,1.3440290786093101e-05,0.0,-1.3440290786093101e-05
472800,0.12972629070281982,1.515943169593811,1.3871585130691528,1.67771377164172e-05,0.0,-1.67771377164172e-05
473600,0.0582243949174881,1.4587488174438477,1.4005250930786133,1.5059930774441455e-05,0.0,-1.5059930774441455e-05
474400,0.132919043302536,1.5034202337265015,1.3698352575302124,1.3727134501095861e-05,0.0,-1.3727134501095861e-05
475200,0.13953430950641632,1.5052942037582397,1.365522861480713,1.4919725799700245e-05,0.0,-1.4919725799700245e-05
476000,0.19614052772521973,1.589676856994629,1.3943370580673218,1.5410107153002173e-05,0.0,-1.5410107153002173e-05
476800,0.2562600374221802,1.6061218976974487,1.3499724864959717,1.3916152965975925e-05,0.0,-1.3916152965975925e-05
477600,0.10512451082468033,1.472848892211914,1.3665473461151123,1.4257527254812885e-05,0.0,-1.4257527254812885e-05
478400,0.14612038433551788,1.5256575345993042,1.37966787815094,1.3883359315514099e-05,0.0,-1.3883359315514099e-05
479200,0.1906569004058838,1.5885158777236938,1.3986042737960815,1.442339998902753e-05,0.0,-1.442339998902753e-05
480000,0.12607741355895996,1.523479700088501,1.397560477256775,1.2782648809661623e-05,0.0,-1.2782648809661623e-05
480800,0.2862934470176697,1.673651933670044,1.3872023820877075,1.355106542177964e-05,0.0,-1.355106542177964e-05
481600,0.12572956085205078,1.493474006652832,1.3672398328781128,1.4405150977836456e-05,0.0,-1.4405150977836456e-05
482400,0.06577909737825394,1.4929699897766113,1.4267748594284058,1.4596086657547858e-05,0.0,-1.4596086657547858e-05
483200,0.0666310116648674,1.4616578817367554,1.3952116966247559,1.4182623999658972e-05,0.0,-1.4182623999658972e-05
484000,0.25688672065734863,1.6565853357315063,1.40034818649292,1.5558838640572503e-05,0.0,-1.5558838640572503e-05
484800,0.06674487143754959,1.4638147354125977,1.3969579935073853,1.3512323675968219e-05,0.0,-1.3512323675968219e-05
485600,0.025117775425314903,1.4148489236831665,1.389610767364502,1.569010601087939e-05,0.0,-1.569010601087939e-05
486400,0.08952952921390533,1.4602556228637695,1.3708696365356445,1.5687563063693233e-05,0.0,-1.5687563063693233e-05
487200,0.07486778497695923,1.4401699304580688,1.364622950553894,1.4703951819683425e-05,0.0,-1.4703951819683425e-05
488000,0.14078545570373535,1.5236151218414307,1.3832001686096191,1.5686724509578198e-05,0.0,-1.5686724509578198e-05
488800,0.16483990848064423,1.547764778137207,1.3829858303070068,1.441498170606792e-05,0.0,-1.441498170606792e-05
489600,0.21489465236663818,1.5971291065216064,1.3829231262207031,1.7116786693804897e-05,0.0,-1.7116786693804897e-05
490400,0.07314145565032959,1.4512983560562134,1.3773829936981201,1.3431880688585807e-05,0.0,-1.3431880688585807e-05
491200,0.0928572490811348,1.472602128982544,1.3794313669204712,1.5490790246985853e-05,0.0,-1.5490790246985853e-05
492000,0.04514704644680023,1.4422826766967773,1.3975754976272583,1.8223070583189838e-05,0.0,-1.8223070583189838e-05
492800,0.22270694375038147,1.6034449338912964,1.380310297012329,1.546810926811304e-05,0.0,-1.546810926811304e-05
493600,-0.14466871321201324,1.265284776687622,1.4107681512832642,1.5376303053926677e-05,0.0,-1.5376303053926677e-05
494400,0.1083458885550499,1.4575153589248657,1.3485875129699707,1.5138237358769402e-05,0.0,-1.5138237358769402e-05
495200,0.0917779803276062,1.4152591228485107,1.3231550455093384,1.3016741831961554e-05,0.0,-1.3016741831961554e-05
496000,0.2637801766395569,1.6448256969451904,1.381665825843811,1.3042735190538224e-05,0.0,-1.3042735190538224e-05
496800,0.13567134737968445,1.5088114738464355,1.3734403848648071,1.4264456694945693e-05,0.0,-1.4264456694945693e-05
497600,0.10557935386896133,1.497603416442871,1.3914213180541992,1.3058596778137144e-05,0.0,-1.3058596778137144e-05
498400,0.23525026440620422,1.6292165517807007,1.3937819004058838,1.5408355466206558e-05,0.0,-1.5408355466206558e-05
499200,0.026569532230496407,1.439490795135498,1.413201093673706,1.4123736036708578e-05,0.0,-1.4123736036708578e-05
500000,0.028064778074622154,1.441461443901062,1.4131265878677368,1.4706866750202607e-05,0.0,-1.4706866750202607e-05
500800,0.21952682733535767,1.5656280517578125,1.346388578414917,1.4512033885694109e-05,0.0,-1.4512033885694109e-05
501600,0.17942753434181213,1.56381094455719,1.3851317167282104,1.5252377124852501e-05,0.0,-1.5252377124852501e-05
502400,-0.060389548540115356,1.3434054851531982,1.4034864902496338,1.4205465049599297e-05,0.0,-1.4205465049599297e-05
503200,-0.0879860669374466,1.3409324884414673,1.4292166233062744,1.3722127732762601e-05,0.0,-1.3722127732762601e-05
504000,0.014703537337481976,1.4504159688949585,1.4345372915267944,1.567695289850235e-05,0.0,-1.567695289850235e-05
504800,0.10619192570447922,1.4963831901550293,1.3909636735916138,1.5923533283057623e-05,0.0,-1.5923533283057623e-05
505600,0.2255527526140213,1.596094012260437,1.3703298568725586,1.3648226740770042e-05,0.0,-1.3648226740770042e-05
506400,0.168731227517128,1.5683727264404297,1.4001879692077637,1.3121915799274575e-05,0.0,-1.3121915799274575e-05
507200,0.24554474651813507,1.5849231481552124,1.3391071557998657,1.4297750567493495e-05,0.0,-1.4297750567493495e-05
508000,-0.0025777360424399376,1.4438552856445312,1.4460393190383911,1.537769458082039e-05,0.0,-1.537769458082039e-05
508800,-0.06649507582187653,1.370859980583191,1.4374213218688965,1.4500212273560464e-05,0.0,-1.4500212273560464e-05
509600,0.25458094477653503,1.6471718549728394,1.3923027515411377,1.56649239215767e-05,0.0,-1.56649239215767e-05
510400,0.14016301929950714,1.5557407140731812,1.4154655933380127,1.2713147953036241e-05,0.0,-1.2713147953036241e-05
511200,0.21878184378147125,1.587119460105896,1.368913173675537,1.2995807082916144e-05,0.0,-1.2995807082916144e-05
512000,0.13585753738880157,1.5087887048721313,1.372496485710144,1.4229637599783018e-05,0.0,-1.4229637599783018e-05
512800,0.13958187401294708,1.4865763187408447,1.3473238945007324,1.2275196240807418e-05,0.0,-1.2275196240807418e-05
513600,0.174640953540802,1.5782357454299927,1.4034734964370728,1.4684614143334329e-05,0.0,-1.4684614143334329e-05
514400,-0.030573079362511635,1.3895341157913208,1.4206968545913696,1.4099588952376507e-05,0.0,-1.4099588952376507e-05
515200,0.2306920737028122,1.5943416357040405,1.3631608486175537,1.2875326319772284e-05,0.0,-1.2875326319772284e-05
516000,0.10474935173988342,1.516109824180603,1.4112210273742676,1.4051678590476513e-05,0.0,-1.4051678590476513e-05
516800,-0.08314559608697891,1.3536138534545898,1.4373379945755005,1.405452894687187e-05,0.0,-1.405452894687187e-05
517600,0.26364049315452576,1.646633505821228,1.3820085525512695,1.332819647359429e-05,0.0,-1.332819647359429e-05
518400,0.1398220658302307,1.5491070747375488,1.4099303483963013,1.3244050023786258e-05,0.0,-1.3244050023786258e-05
519200,-0.003476901911199093,1.3925212621688843,1.3959957361221313,1.3163363291823771e-05,0.0,-1.3163363291823771e-05
520000,0.16472305357456207,1.5746896266937256,1.4093369245529175,1.3773955288343132e-05,0.0,-1.3773955288343132e-05
520800,0.13265147805213928,1.511680245399475,1.3794339895248413,1.5686015103710815e-05,0.0,-1.5686015103710815e-05
521600,0.014926438219845295,1.4370378255844116,1.42290461063385,1.2590551705216058e-05,0.0,-1.2590551705216058e-05
522400,0.09873399138450623,1.4555529356002808,1.356270670890808,1.5095236449269578e-05,0.0,-1.5095236449269578e-05
523200,0.010931645520031452,1.4047448635101318,1.3941987752914429,1.3448627214529552e-05,0.0,-1.3448627214529552e-05
524000,0.024947088211774826,1.4283664226531982,1.403169870376587,1.390570560033666e-05,0.0,-1.390570560033666e-05
524800,0.23105989396572113,1.6178874969482422,1.3866132497787476,1.2450482245185412e-05,0.0,-1.2450482245185412e-05
525600,0.07651358842849731,1.4233506917953491,1.346480131149292,1.4927313713997137e-05,0.0,-1.4927313713997137e-05
526400,0.07315044850111008,1.4834692478179932,1.4104870557785034,1.4454914889938664e-05,0.0,-1.4454914889938664e-05
527200,0.3708128035068512,1.74152410030365,1.3710395097732544,1.294577305088751e-05,0.0,-1.294577305088751e-05
528000,0.09111566096544266,1.504888892173767,1.4142241477966309,1.3661227058037184e-05,0.0,-1.3661227058037184e-05
528800,0.05523759499192238,1.4360840320587158,1.3808618783950806,1.3818998922943138e-05,0.0,-1.3818998922943138e-05
529600,-0.18261393904685974,1.2436143159866333,1.4250608682632446,1.2593874089361634e-05,0.0,-1.2593874089361634e-05
530400,0.1703455150127411,1.5483256578445435,1.3780568838119507,1.4722327250638045e-05,0.0,-1.4722327250638045e-05
531200,0.22498629987239838,1.5992422103881836,1.3744070529937744,1.4140744497126434e-05,0.0,-1.4140744497126434e-05
532000,0.26492395997047424,1.671429991722107,1.406646728515625,1.4270401152316481e-05,0.0,-1.4270401152316481e-05
532800,0.19073757529258728,1.5998636484146118,1.4088265895843506,1.5053319657454267e-05,0.0,-1.5053319657454267e-05
533600,-0.007939741015434265,1.3916630744934082,1.4002348184585571,1.7611790099181235e-05,0.0,-1.7611790099181235e-05
534400,0.43147599697113037,1.7898359298706055,1.3578654527664185,1.4756312339159194e-05,0.0,-1.4756312339159194e-05
535200,-2.0312816559453495e-05,1.4401342868804932,1.4401987791061401,1.3674678484676406e-05,0.0,-1.3674678484676406e-05
536000,0.082978256046772,1.4664015769958496,1.3841559886932373,1.5934065231704153e-05,0.0,-1.5934065231704153e-05
536800,0.1746329814195633,1.5722179412841797,1.3969357013702393,1.4963959074520972e-05,0.0,-1.4963959074520972e-05
537600,0.296947181224823,1.682471513748169,1.3858211040496826,1.4164640560920816e-05,0.0,-1.4164640560920816e-05
538400,0.13970793783664703,1.5047653913497925,1.3643816709518433,1.3649644643010106e-05,0.0,-1.3649644643010106e-05
539200,0.07831915467977524,1.4652959108352661,1.387115240097046,1.2897946362500079e-05,0.0,-1.2897946362500079e-05
540000,0.015611915849149227,1.434970736503601,1.4200607538223267,1.5091847672010772e-05,0.0,-1.5091847672010772e-05
540800,-0.0368572399020195,1.3840782642364502,1.4207789897918701,1.3707023754250258e-05,0.0,-1.3707023754250258e-05
541600,0.04754826799035072,1.4722464084625244,1.424595832824707,1.2766382496920414e-05,0.0,-1.2766382496920414e-05
542400,0.03421422094106674,1.4644291400909424,1.4296619892120361,1.3571428098657634e-05,0.0,-1.3571428098657634e-05
543200,0.07098700106143951,1.4748114347457886,1.404569387435913,1.4885461496305652e-05,0.0,-1.4885461496305652e-05
544000,-0.007472487166523933,1.4230105876922607,1.4308412075042725,1.593999331817031e-05,0.0,-1.593999331817031e-05
544800,0.0014425765257328749,1.3676081895828247,1.3660433292388916,1.4392880984814838e-05,0.0,-1.4392880984814838e-05
545600,0.14428094029426575,1.5178037881851196,1.3733055591583252,1.3518917512556072e-05,0.0,-1.3518917512556072e-05
546400,0.12088222056627274,1.551260232925415,1.4302115440368652,1.2531746506283525e-05,0.0,-1.2531746506283525e-05
547200,-0.0832829475402832,1.3147040605545044,1.3978525400161743,1.645722659304738e-05,0.0,-1.645722659304738e-05
548000,0.058693595230579376,1.4736157655715942,1.4154062271118164,1.3731190847465768e-05,0.0,-1.3731190847465768e-05
548800,0.04921750724315643,1.4581868648529053,1.4085755348205566,1.3932997717347462e-05,0.0,-1.3932997717347462e-05
549600,0.3147924542427063,1.6697900295257568,1.3546507358551025,1.2589022844622377e-05,0.0,-1.2589022844622377e-05
550400,-0.03712846338748932,1.3945013284683228,1.4320056438446045,1.3995245353726204e-05,0.0,-1.3995245353726204e-05
551200,0.07016581296920776,1.472392201423645,1.4028379917144775,1.6238649550359696e-05,0.0,-1.6238649550359696e-05
552000,0.05161869153380394,1.5050255060195923,1.4523382186889648,1.5252042430802248e-05,0.0,-1.5252042430802248e-05
552800,0.020711347460746765,1.4696983098983765,1.448991298675537,1.6645122741465457e-05,0.0,-1.6645122741465457e-05
553600,0.1876111924648285,1.5707567930221558,1.383078694343567,1.371790040138876e-05,0.0,-1.371790040138876e-05
554400,-0.029356366023421288,1.3929260969161987,1.422256588935852,1.565788443258498e-05,0.0,-1.565788443258498e-05
555200,0.15018737316131592,1.5870048999786377,1.437648892402649,1.3081226825306658e-05,0.0,-1.3081226825306658e-05
556000,0.1536204069852829,1.5459449291229248,1.3925124406814575,1.4311875020212028e-05,0.0,-1.4311875020212028e-05
556800,-0.016673950478434563,1.3884268999099731,1.4042017459869385,1.5169053767749574e-05,0.0,-1.5169053767749574e-05
557600,0.06064687296748161,1.4784919023513794,1.4187791347503662,1.5427907783305272e-05,0.0,-1.5427907783305272e-05
558400,0.047916922718286514,1.4186184406280518,1.3706817626953125,1.627921847102698e-05,0.0,-1.627921847102698e-05
559200,0.11940785497426987,1.4654945135116577,1.3451149463653564,1.379651621391531e-05,0.0,-1.379651621391531e-05
560000,0.13663701713085175,1.5455093383789062,1.409815788269043,1.4945971088309307e-05,0.0,-1.4945971088309307e-05
560800,-0.04676619917154312,1.3756641149520874,1.4224032163619995,1.4513415408146102e-05,0.0,-1.4513415408146102e-05
561600,-0.11782407015562057,1.3095329999923706,1.426693081855774,1.4203442333382554e-05,0.0,-1.4203442333382554e-05
562400,-0.03295918554067612,1.3918519020080566,1.4254592657089233,1.5468287529074587e-05,0.0,-1.5468287529074587e-05
563200,0.09736604243516922,1.5476877689361572,1.4503068923950195,1.5735717170173302e-05,0.0,-1.5735717170173302e-05
564000,-0.1753300577402115,1.244344711303711,1.4193909168243408,1.561767203384079e-05,0.0,-1.561767203384079e-05
564800,0.019872399047017097,1.4432213306427002,1.4234365224838257,1.493966829002602e-05,0.0,-1.493966829002602e-05
565600,-0.07534241676330566,1.3406140804290771,1.415986180305481,1.358494318992598e-05,0.0,-1.358494318992598e-05
566400,-0.07012581080198288,1.3741421699523926,1.4440677165985107,1.269334552489454e-05,0.0,-1.269334552489454e-05
567200,0.04392741248011589,1.4652509689331055,1.4210275411605835,1.5392004570458084e-05,0.0,-1.5392004570458084e-05
568000,0.2713048458099365,1.642365574836731,1.3711965084075928,1.380735557177104e-05,0.0,-1.380735557177104e-05
568800,0.21753060817718506,1.6258341073989868,1.4078459739685059,1.2358272215351462e-05,0.0,-1.2358272215351462e-05
569600,0.06894000619649887,1.4651850461959839,1.3967396020889282,1.2272359526832588e-05,0.0,-1.2272359526832588e-05
570400,0.304858535528183,1.544250249862671,1.2395219802856445,2.7134068659506738e-05,0.0,-2.7134068659506738e-05
571200,0.20227523148059845,1.5637859106063843,1.3612701892852783,1.2233195775479544e-05,0.0,-1.2233195775479544e-05
572000,-0.013324490748345852,1.3985199928283691,1.4119800329208374,1.4438533980865031e-05,0.0,-1.4438533980865031e-05
572800,0.22651802003383636,1.6460697650909424,1.4196157455444336,1.611107654753141e-05,0.0,-1.611107654753141e-05
573600,0.25363296270370483,1.628273606300354,1.3743326663970947,1.431278906238731e-05,0.0,-1.431278906238731e-05
574400,0.037520259618759155,1.448154091835022,1.4105474948883057,1.4005634511704557e-05,0.0,-1.4005634511704557e-05
575200,0.35185328125953674,1.7249552011489868,1.3735265731811523,1.4293681488197763e-05,0.0,-1.4293681488197763e-05
576000,0.18566711246967316,1.582576870918274,1.3963725566864014,1.24750476970803e-05,0.0,-1.24750476970803e-05
576800,0.23918753862380981,1.59194815158844,1.3538494110107422,1.3979690265841782e-05,0.0,-1.3979690265841782e-05
577600,0.2875361740589142,1.6859692335128784,1.3972458839416504,1.3851620678906329e-05,0.0,-1.3851620678906329e-05
578400,0.17572839558124542,1.5762290954589844,1.4007498025894165,1.2840525414503645e-05,0.0,-1.2840525414503645e-05
579200,0.16014893352985382,1.572465419769287,1.4129235744476318,1.4102643945079762e-05,0.0,-1.4102643945079762e-05
580000,0.001300147152505815,1.4075934886932373,1.4063035249710083,1.4792729416512884e-05,0.0,-1.4792729416512884e-05
580800,-0.08390313386917114,1.3641449213027954,1.4482353925704956,1.285980579268653e-05,0.0,-1.285980579268653e-05
581600,0.1155625656247139,1.5506309270858765,1.434942364692688,1.3339071301743388e-05,0.0,-1.3339071301743388e-05
